web-scraper-order,web-scraper-start-url,Race Title,Pos,Driver,Team,Car,Laps Joker,Total Time,Diff,Lap 1,Lap 2,Lap 3,Lap 4,Lap 5,Lap 6,Lap 7,Lap 8,Pts
"1753924638-1","https://www.fia.com/events/world-rallycross-championship/season-2022/world-rx-germany/classifications-r1","Free Practice","1","Timmy HANSEN
 SWE","Hansen World RX Team","Peugeot 208 RX1e","","-","","00:36.308
s1 : 14.2
s2 : 15.7
s3 : 06.2","00:33.454
s1 : 14.3
s2 : 12.5
s3 : 06.5","00:32.872
s1 : 14.3
s2 : 12.1
s3 : 06.4","03:29.168
s1 : 3:07
s2 : 15.8
s3 : 06.2","00:35.892
s1 : 14.0
s2 : 15.6
s3 : 06.2","00:32.720
s1 : 13.8
s2 : 12.3
s3 : 06.5","","",""
"1753924638-2","https://www.fia.com/events/world-rallycross-championship/season-2022/world-rx-germany/classifications-r1","Free Practice","2","Johan KRISTOFFERSSON
 SWE","Kristoffersson Motorsport","Volkswagen RX1e","","-","0:00.008","00:36.418
s1 : 14.0
s2 : 15.6
s3 : 06.6","00:32.705
s1 : 14.0
s2 : 12.0
s3 : 06.5","00:32.893
s1 : 13.8
s2 : 12.4
s3 : 06.5","03:29.603
s1 : 3:07
s2 : 15.7
s3 : 06.4","00:35.285
s1 : 13.6
s2 : 15.3
s3 : 06.2","00:32.480
s1 : 13.8
s2 : 12.1
s3 : 06.4","","",""
"1753924638-3","https://www.fia.com/events/world-rallycross-championship/season-2022/world-rx-germany/classifications-r1","Free Practice","3","Ole Christian VEIBY
 NOR","Kristoffersson Motorsport","Volkswagen RX1e","","-","0:00.216","00:37.446
s1 : 14.4
s2 : 16.2
s3 : 06.7","00:36.843
s1 : 14.2
s2 : 16.0
s3 : 06.6","00:33.312
s1 : 14.1
s2 : 12.3
s3 : 06.8","03:27.610
s1 : 3:05
s2 : 15.8
s3 : 06.2","00:37.167
s1 : 14.0
s2 : 16.6
s3 : 06.4","00:32.688
s1 : 14.0
s2 : 12.1
s3 : 06.4","","",""
"1753924638-4","https://www.fia.com/events/world-rallycross-championship/season-2022/world-rx-germany/classifications-r1","Free Practice","4","Kevin HANSEN
 SWE","Hansen World RX Team","Peugeot 208 RX1e","","-","0:00.408","00:36.866
s1 : 14.1
s2 : 16.1
s3 : 06.5","00:33.000
s1 : 14.0
s2 : 12.4
s3 : 06.4","00:32.880
s1 : 14.0
s2 : 12.3
s3 : 06.4","03:32.348
s1 : 3:10
s2 : 15.9
s3 : 06.2","00:36.253
s1 : 14.0
s2 : 15.8
s3 : 06.2","00:33.153
s1 : 14.1
s2 : 12.5
s3 : 06.4","","",""
"1753924638-5","https://www.fia.com/events/world-rallycross-championship/season-2022/world-rx-germany/classifications-r1","Free Practice","5","Klara ANDERSSON
 SWE","Construction Equipment Dealer Team","PWR RX1e","","-","0:00.720","00:39.800
s1 : 15.5
s2 : 17.3
s3 : 06.8","00:34.817
s1 : 15.1
s2 : 12.8
s3 : 06.7","00:34.317
s1 : 14.8
s2 : 12.6
s3 : 06.8","31:31.756
s1 : 1:12
s2 : 12.5
s3 : 06.6","00:33.847
s1 : 14.4
s2 : 12.7
s3 : 06.6","00:37.328
s1 : 14.3
s2 : 16.2
s3 : 06.6","","",""
"1753924638-6","https://www.fia.com/events/world-rallycross-championship/season-2022/world-rx-germany/classifications-r1","Free Practice","6","Guerlain CHICHERIT
 FRA","Guerlain Chicherit","Lancia Delta-Evo-e RX","","-","0:00.773","00:34.543
s1 : 14.9
s2 : 12.6
s3 : 06.9","00:34.356
s1 : 14.9
s2 : 12.5
s3 : 06.8","00:34.108
s1 : 14.5
s2 : 12.5
s3 : 06.9","31:57.671
s1 : 1:34
s2 : 16.1
s3 : 06.8","00:33.761
s1 : 14.7
s2 : 12.4
s3 : 06.5","00:34.052
s1 : 14.8
s2 : 12.4
s3 : 06.6","","",""
"1753924638-7","https://www.fia.com/events/world-rallycross-championship/season-2022/world-rx-germany/classifications-r1","Free Practice","7","Niclas GRÖNHOLM
 FIN","Construction Equipment Dealer Team","PWR RX1e","","-","0:00.834","00:33.361
s1 : 14.4
s2 : 12.2
s3 : 06.6","00:33.364
s1 : 14.2
s2 : 12.3
s3 : 06.7","00:36.840
s1 : 14.0
s2 : 16.0
s3 : 06.7","03:32.544
s1 : 3:10
s2 : 15.7
s3 : 06.4","00:36.938
s1 : 14.4
s2 : 16.0
s3 : 06.5","00:33.584
s1 : 14.5
s2 : 12.4
s3 : 06.6","","",""
"1753924638-8","https://www.fia.com/events/world-rallycross-championship/season-2022/world-rx-germany/classifications-r1","Free Practice","8","Gustav BERGSTRÖM
 SWE","Gustav Bergström","Volkswagen RX1e","","-","0:00.983","00:34.253
s1 : 14.3
s2 : 12.5
s3 : 07.3","00:34.139
s1 : 14.2
s2 : 12.7
s3 : 07.0","00:34.094
s1 : 14.5
s2 : 12.6
s3 : 06.9","31:37.724
s1 : 1:14
s2 : 16.0
s3 : 06.8","00:37.088
s1 : 14.2
s2 : 15.9
s3 : 06.9","00:33.606
s1 : 14.1
s2 : 12.5
s3 : 06.9","","",""
"1753924638-9","https://www.fia.com/events/world-rallycross-championship/season-2022/world-rx-germany/classifications-r1","Free Practice","9","Anton MARKLUND
 SWE","ALL-INKL.COM Muennich Motorsport","Seat Ibiza RX1e","","-","0:01.460","00:39.058
s1 : 14.9
s2 : 17.0
s3 : 07.0","00:34.437
s1 : 14.8
s2 : 12.6
s3 : 06.9","00:34.192
s1 : 14.7
s2 : 12.6
s3 : 06.8","31:27.074
s1 : 1:03
s2 : 16.9
s3 : 06.9","00:37.239
s1 : 14.4
s2 : 16.1
s3 : 06.5","00:33.932
s1 : 14.4
s2 : 12.7
s3 : 06.6","","",""
"1753924638-10","https://www.fia.com/events/world-rallycross-championship/season-2022/world-rx-germany/classifications-r1","Heat 1","1","Johan KRISTOFFERSSON
 SWE","Kristoffersson Motorsport","Volkswagen RX1e","1","2:48.110","","00:35.657
s1 : 17.0
s2 : 12.3
s3 : 06.3","00:32.594
s1 : 14.0
s2 : 12.3
s3 : 06.1","00:32.183
s1 : 13.8
s2 : 12.1
s3 : 06.1","00:35.490
s1 : 13.8
s2 : 15.5
s3 : 06.0","00:32.186
s1 : 13.5
s2 : 12.2
s3 : 06.3","","","","50"
"1753924638-11","https://www.fia.com/events/world-rallycross-championship/season-2022/world-rx-germany/classifications-r1","Heat 1","2","Timmy HANSEN
 SWE","Hansen World RX Team","Peugeot 208 RX1e","1","2:48.453","0:00.343","00:35.119
s1 : 16.7
s2 : 12.1
s3 : 06.2","00:32.682
s1 : 14.3
s2 : 12.0
s3 : 06.2","00:32.067
s1 : 13.8
s2 : 12.0
s3 : 06.1","00:32.473
s1 : 14.1
s2 : 12.2
s3 : 06.1","00:36.112
s1 : 13.9
s2 : 15.7
s3 : 06.4","","","","45"
"1753924638-12","https://www.fia.com/events/world-rallycross-championship/season-2022/world-rx-germany/classifications-r1","Heat 1","3","Ole Christian VEIBY
 NOR","Kristoffersson Motorsport","Volkswagen RX1e","1","2:49.865","0:01.755","00:35.679
s1 : 17.0
s2 : 12.3
s3 : 06.3","00:32.974
s1 : 14.3
s2 : 12.2
s3 : 06.3","00:36.181
s1 : 14.1
s2 : 15.6
s3 : 06.3","00:32.554
s1 : 14.0
s2 : 12.1
s3 : 06.3","00:32.477
s1 : 14.1
s2 : 12.1
s3 : 06.1","","","","42"
"1753924638-13","https://www.fia.com/events/world-rallycross-championship/season-2022/world-rx-germany/classifications-r1","Heat 1","4","Niclas GRÖNHOLM
 FIN","Construction Equipment Dealer Team","PWR RX1e","1","2:50.669","0:02.559","00:35.965
s1 : 17.3
s2 : 12.3
s3 : 06.2","00:33.230
s1 : 14.4
s2 : 12.3
s3 : 06.4","00:36.513
s1 : 13.9
s2 : 16.3
s3 : 06.1","00:32.496
s1 : 14.0
s2 : 12.1
s3 : 06.2","00:32.465
s1 : 14.1
s2 : 12.0
s3 : 06.2","","","","40"
"1753924638-14","https://www.fia.com/events/world-rallycross-championship/season-2022/world-rx-germany/classifications-r1","Heat 1","5","Kevin HANSEN
 SWE","Hansen World RX Team","Peugeot 208 RX1e","1","2:52.356","0:04.246","00:40.832
s1 : 18.2
s2 : 16.3
s3 : 06.2","00:33.127
s1 : 14.1
s2 : 12.3
s3 : 06.6","00:33.413
s1 : 14.4
s2 : 12.5
s3 : 06.3","00:32.650
s1 : 14.3
s2 : 12.1
s3 : 06.1","00:32.334
s1 : 14.0
s2 : 12.1
s3 : 06.1","","","","39"
"1753924638-15","https://www.fia.com/events/world-rallycross-championship/season-2022/world-rx-germany/classifications-r1","Heat 1","6","Gustav BERGSTRÖM
 SWE","Gustav Bergström","Volkswagen RX1e","1","2:53.053","0:04.943","00:40.705
s1 : 17.7
s2 : 16.2
s3 : 06.7","00:32.884
s1 : 14.0
s2 : 12.0
s3 : 06.7","00:33.125
s1 : 14.1
s2 : 12.2
s3 : 06.7","00:32.732
s1 : 14.1
s2 : 12.0
s3 : 06.5","00:33.607
s1 : 14.6
s2 : 12.2
s3 : 06.7","","","","38"
"1753924638-16","https://www.fia.com/events/world-rallycross-championship/season-2022/world-rx-germany/classifications-r1","Heat 1","7","Klara ANDERSSON
 SWE","Construction Equipment Dealer Team","PWR RX1e","1","2:55.322","0:07.212","00:41.590
s1 : 18.5
s2 : 16.6
s3 : 06.4","00:33.589
s1 : 14.5
s2 : 12.3
s3 : 06.6","00:33.157
s1 : 14.2
s2 : 12.3
s3 : 06.6","00:33.414
s1 : 14.5
s2 : 12.2
s3 : 06.6","00:33.572
s1 : 14.6
s2 : 12.2
s3 : 06.6","","","","37"
"1753924638-17","https://www.fia.com/events/world-rallycross-championship/season-2022/world-rx-germany/classifications-r1","Heat 1","8","Anton MARKLUND
 SWE","ALL-INKL.COM Muennich Motorsport","Seat Ibiza RX1e","1","2:55.336","0:07.226","00:42.056
s1 : 18.8
s2 : 16.8
s3 : 06.3","00:33.137
s1 : 14.1
s2 : 12.3
s3 : 06.5","00:33.294
s1 : 14.4
s2 : 12.3
s3 : 06.4","00:33.294
s1 : 14.7
s2 : 12.1
s3 : 06.3","00:33.555
s1 : 14.6
s2 : 12.4
s3 : 06.4","","","","36"
"1753924638-18","https://www.fia.com/events/world-rallycross-championship/season-2022/world-rx-germany/classifications-r1","Heat 1","DNF","Guerlain CHICHERIT
 FRA","Guerlain Chicherit","Lancia Delta-Evo-e RX","1","-","2 LAP","00:36.561
s1 : 17.6
s2 : 12.4
s3 : 06.4","00:36.909
s1 : 14.3
s2 : 16.0
s3 : 06.5","00:33.560
s1 : 14.8
s2 : 12.3
s3 : 06.3","s1 : 
s2 : 
s3 :","s1 : 
s2 : 
s3 :","","","","34"
"1753924638-19","https://www.fia.com/events/world-rallycross-championship/season-2022/world-rx-germany/classifications-r1","Heat 2","1","Kevin HANSEN
 SWE","Hansen World RX Team","Peugeot 208 RX1e","1","2:48.723","","00:35.014
s1 : 16.6
s2 : 12.2
s3 : 06.1","00:32.470
s1 : 14.1
s2 : 12.2
s3 : 06.1","00:32.500
s1 : 14.2
s2 : 12.1
s3 : 06.0","00:32.231
s1 : 14.0
s2 : 12.0
s3 : 06.0","00:36.508
s1 : 14.2
s2 : 16.1
s3 : 06.0","","","","50"
"1753924638-20","https://www.fia.com/events/world-rallycross-championship/season-2022/world-rx-germany/classifications-r1","Heat 2","2","Ole Christian VEIBY
 NOR","Kristoffersson Motorsport","Volkswagen RX1e","1","2:49.943","0:01.220","00:35.403
s1 : 16.9
s2 : 12.2
s3 : 06.2","00:32.721
s1 : 14.3
s2 : 12.2
s3 : 06.1","00:32.671
s1 : 14.3
s2 : 12.2
s3 : 06.1","00:36.732
s1 : 14.2
s2 : 16.3
s3 : 06.1","00:32.416
s1 : 14.0
s2 : 12.1
s3 : 06.1","","","","45"
"1753924638-21","https://www.fia.com/events/world-rallycross-championship/season-2022/world-rx-germany/classifications-r1","Heat 2","3","Timmy HANSEN
 SWE","Hansen World RX Team","Peugeot 208 RX1e","1","2:52.227","0:03.504","00:40.896
s1 : 17.8
s2 : 16.9
s3 : 06.0","00:32.708
s1 : 13.9
s2 : 12.4
s3 : 06.2","00:32.600
s1 : 14.0
s2 : 12.4
s3 : 06.1","00:32.879
s1 : 14.0
s2 : 12.6
s3 : 06.1","00:33.144
s1 : 14.2
s2 : 12.5
s3 : 06.3","","","","42"
"1753924638-22","https://www.fia.com/events/world-rallycross-championship/season-2022/world-rx-germany/classifications-r1","Heat 2","4","Johan KRISTOFFERSSON
 SWE","Kristoffersson Motorsport","Volkswagen RX1e","1","2:50.534","0:06.811","00:35.803
s1 : 17.2
s2 : 12.2
s3 : 06.2","00:32.709
s1 : 14.2
s2 : 12.3
s3 : 06.1","00:36.371
s1 : 14.2
s2 : 16.1
s3 : 05.9","00:33.069
s1 : 13.8
s2 : 12.7
s3 : 06.4","00:32.582
s1 : 14.0
s2 : 12.3
s3 : 06.1","","","","40"
"1753924638-23","https://www.fia.com/events/world-rallycross-championship/season-2022/world-rx-germany/classifications-r1","Heat 2","5","Klara ANDERSSON
 SWE","Construction Equipment Dealer Team","PWR RX1e","1","2:55.615","0:06.892","00:38.467
s1 : 18.6
s2 : 13.3
s3 : 06.4","00:37.656
s1 : 14.8
s2 : 16.5
s3 : 06.2","00:33.317
s1 : 14.5
s2 : 12.4
s3 : 06.3","00:32.942
s1 : 14.3
s2 : 12.3
s3 : 06.2","00:33.233
s1 : 14.6
s2 : 12.4
s3 : 06.1","","","","39"
"1753924638-24","https://www.fia.com/events/world-rallycross-championship/season-2022/world-rx-germany/classifications-r1","Heat 2","DNF","Niclas GRÖNHOLM
 FIN","Construction Equipment Dealer Team","PWR RX1e","0","-","4 LAP","00:37.005
s1 : 17.1
s2 : 12.9
s3 : 06.8","s1 : 
s2 : 
s3 :","s1 : 
s2 : 
s3 :","s1 : 
s2 : 
s3 :","s1 : 
s2 : 
s3 :","","","","34"
"1753924638-25","https://www.fia.com/events/world-rallycross-championship/season-2022/world-rx-germany/classifications-r1","Heat 2","DNF","Gustav BERGSTRÖM
 SWE","Gustav Bergström","Volkswagen RX1e","1","-","5 LAP","s1 : 
s2 : 
s3 :","s1 : 
s2 : 
s3 :","s1 : 
s2 : 
s3 :","s1 : 
s2 : 
s3 :","s1 : 
s2 : 
s3 :","","","","34"
"1753924638-26","https://www.fia.com/events/world-rallycross-championship/season-2022/world-rx-germany/classifications-r1","Heat 2","DNS","Guerlain CHICHERIT
 FRA","Guerlain Chicherit","Lancia Delta-Evo-e RX","0","-","-","s1 : 
s2 : 
s3 :","s1 : 
s2 : 
s3 :","s1 : 
s2 : 
s3 :","s1 : 
s2 : 
s3 :","s1 : 
s2 : 
s3 :","","","","30"
"1753924638-27","https://www.fia.com/events/world-rallycross-championship/season-2022/world-rx-germany/classifications-r1","Heat 2","DSQ","Anton MARKLUND
 SWE","ALL-INKL.COM Muennich Motorsport","Seat Ibiza RX1e","1","-","-","00:45.067
s1 : 18.0
s2 : 20.4
s3 : 06.5","00:33.526
s1 : 14.4
s2 : 12.4
s3 : 06.5","00:33.840
s1 : 14.3
s2 : 13.1
s3 : 06.3","00:33.495
s1 : 14.6
s2 : 12.4
s3 : 06.4","00:33.488
s1 : 14.2
s2 : 12.5
s3 : 06.6","","","","25"
"1753924638-28","https://www.fia.com/events/world-rallycross-championship/season-2022/world-rx-germany/classifications-r1","Warm up","1","Johan KRISTOFFERSSON
 SWE","Kristoffersson Motorsport","Volkswagen RX1e","","-","","00:32.176
s1 : 13.7
s2 : 12.1
s3 : 06.2","","","","","","","",""
"1753924638-29","https://www.fia.com/events/world-rallycross-championship/season-2022/world-rx-germany/classifications-r1","Warm up","2","Timmy HANSEN
 SWE","Hansen World RX Team","Peugeot 208 RX1e","","-","0:00.616","00:32.792
s1 : 14.0
s2 : 12.4
s3 : 06.3","","","","","","","",""
"1753924638-30","https://www.fia.com/events/world-rallycross-championship/season-2022/world-rx-germany/classifications-r1","Warm up","3","Kevin HANSEN
 SWE","Hansen World RX Team","Peugeot 208 RX1e","","-","0:00.630","00:32.806
s1 : 14.2
s2 : 12.2
s3 : 06.2","","","","","","","",""
"1753924638-31","https://www.fia.com/events/world-rallycross-championship/season-2022/world-rx-germany/classifications-r1","Warm up","4","Anton MARKLUND
 SWE","ALL-INKL.COM Muennich Motorsport","Seat Ibiza RX1e","","-","0:00.742","00:32.918
s1 : 14.1
s2 : 12.3
s3 : 06.3","","","","","","","",""
"1753924638-32","https://www.fia.com/events/world-rallycross-championship/season-2022/world-rx-germany/classifications-r1","Warm up","5","Ole Christian VEIBY
 NOR","Kristoffersson Motorsport","Volkswagen RX1e","","-","0:00.855","00:33.031
s1 : 14.2
s2 : 12.4
s3 : 06.3","","","","","","","",""
"1753924638-33","https://www.fia.com/events/world-rallycross-championship/season-2022/world-rx-germany/classifications-r1","Warm up","6","Gustav BERGSTRÖM
 SWE","Gustav Bergström","Volkswagen RX1e","","-","0:00.911","00:33.087
s1 : 14.2
s2 : 12.3
s3 : 06.4","","","","","","","",""
"1753924638-34","https://www.fia.com/events/world-rallycross-championship/season-2022/world-rx-germany/classifications-r1","Warm up","7","Niclas GRÖNHOLM
 FIN","Construction Equipment Dealer Team","PWR RX1e","","-","0:01.570","00:33.746
s1 : 14.8
s2 : 12.2
s3 : 06.6","","","","","","","",""
"1753924638-35","https://www.fia.com/events/world-rallycross-championship/season-2022/world-rx-germany/classifications-r1","Warm up","8","Klara ANDERSSON
 SWE","Construction Equipment Dealer Team","PWR RX1e","","-","0:01.726","00:33.902
s1 : 14.4
s2 : 12.7
s3 : 06.7","","","","","","","",""
"1753924638-36","https://www.fia.com/events/world-rallycross-championship/season-2022/world-rx-germany/classifications-r1","Warm up","9","Guerlain CHICHERIT
 FRA","Guerlain Chicherit","Lancia Delta-Evo-e RX","","-","0:01.734","00:33.910
s1 : 14.9
s2 : 12.3
s3 : 06.5","","","","","","","",""
"1753924638-37","https://www.fia.com/events/world-rallycross-championship/season-2022/world-rx-germany/classifications-r1","Heat 3","1","Johan KRISTOFFERSSON
 SWE","Kristoffersson Motorsport","Volkswagen RX1e","1","2:46.163","","00:34.904
s1 : 16.7
s2 : 11.9
s3 : 06.2","00:31.927
s1 : 13.8
s2 : 11.9
s3 : 06.1","00:32.028
s1 : 13.7
s2 : 12.1
s3 : 06.1","00:31.902
s1 : 13.6
s2 : 12.0
s3 : 06.1","00:35.402
s1 : 13.6
s2 : 15.6
s3 : 06.1","","","","50"
"1753924638-38","https://www.fia.com/events/world-rallycross-championship/season-2022/world-rx-germany/classifications-r1","Heat 3","2","Timmy HANSEN
 SWE","Hansen World RX Team","Peugeot 208 RX1e","1","2:47.974","0:01.811","00:35.583
s1 : 17.3
s2 : 12.0
s3 : 06.1","00:32.500
s1 : 14.2
s2 : 12.1
s3 : 06.1","00:31.980
s1 : 13.7
s2 : 12.0
s3 : 06.1","00:35.785
s1 : 13.8
s2 : 15.7
s3 : 06.1","00:32.126
s1 : 13.7
s2 : 12.2
s3 : 06.1","","","","45"
"1753924638-39","https://www.fia.com/events/world-rallycross-championship/season-2022/world-rx-germany/classifications-r1","Heat 3","3","Klara ANDERSSON
 SWE","Construction Equipment Dealer Team","PWR RX1e","1","2:49.813","0:03.650","00:35.039
s1 : 16.7
s2 : 12.1
s3 : 06.1","00:32.337
s1 : 14.1
s2 : 12.1
s3 : 06.0","00:32.777
s1 : 13.9
s2 : 12.2
s3 : 06.5","00:32.745
s1 : 14.0
s2 : 12.2
s3 : 06.3","00:36.915
s1 : 14.2
s2 : 16.2
s3 : 06.4","","","","42"
"1753924638-40","https://www.fia.com/events/world-rallycross-championship/season-2022/world-rx-germany/classifications-r1","Heat 3","4","Kevin HANSEN
 SWE","Hansen World RX Team","Peugeot 208 RX1e","1","2:50.263","0:04.100","00:37.235
s1 : 18.8
s2 : 12.3
s3 : 06.0","00:32.001
s1 : 13.8
s2 : 12.0
s3 : 06.1","00:32.801
s1 : 13.7
s2 : 12.9
s3 : 06.0","00:31.957
s1 : 13.7
s2 : 12.1
s3 : 06.0","00:36.269
s1 : 13.8
s2 : 16.1
s3 : 06.3","","","","40"
"1753924638-41","https://www.fia.com/events/world-rallycross-championship/season-2022/world-rx-germany/classifications-r1","Heat 3","5","Niclas GRÖNHOLM
 FIN","Construction Equipment Dealer Team","PWR RX1e","1","2:51.520","0:05.357","00:40.647
s1 : 17.6
s2 : 16.7
s3 : 06.2","00:32.563
s1 : 14.2
s2 : 11.9
s3 : 06.3","00:32.966
s1 : 14.3
s2 : 12.2
s3 : 06.3","00:32.488
s1 : 13.9
s2 : 12.2
s3 : 06.2","00:32.856
s1 : 14.2
s2 : 12.2
s3 : 06.3","","","","39"
"1753924638-42","https://www.fia.com/events/world-rallycross-championship/season-2022/world-rx-germany/classifications-r1","Heat 3","6","Gustav BERGSTRÖM
 SWE","Gustav Bergström","Volkswagen RX1e","1","2:52.555","0:06.392","00:39.871
s1 : 17.0
s2 : 16.2
s3 : 06.5","00:32.542
s1 : 13.9
s2 : 12.1
s3 : 06.4","00:32.873
s1 : 14.2
s2 : 12.2
s3 : 06.3","00:34.175
s1 : 14.9
s2 : 12.8
s3 : 06.4","00:33.094
s1 : 13.9
s2 : 12.4
s3 : 06.6","","","","38"
"1753924638-43","https://www.fia.com/events/world-rallycross-championship/season-2022/world-rx-germany/classifications-r1","Heat 3","7","Anton MARKLUND
 SWE","ALL-INKL.COM Muennich Motorsport","Seat Ibiza RX1e","1","2:53.283","0:07.120","00:37.440
s1 : 18.3
s2 : 12.7
s3 : 06.3","00:37.127
s1 : 14.3
s2 : 16.3
s3 : 06.4","00:33.113
s1 : 14.4
s2 : 12.3
s3 : 06.3","00:32.812
s1 : 13.9
s2 : 12.5
s3 : 06.2","00:32.791
s1 : 14.1
s2 : 12.4
s3 : 06.2","","","","37"
"1753924638-44","https://www.fia.com/events/world-rallycross-championship/season-2022/world-rx-germany/classifications-r1","Heat 3","DNF","Ole Christian VEIBY
 NOR","Kristoffersson Motorsport","Volkswagen RX1e","1","-","1 LAP","00:48.743
s1 : 17.5
s2 : 23.9
s3 : 07.2","00:42.580
s1 : 15.9
s2 : 19.3
s3 : 07.3","00:38.316
s1 : 16.1
s2 : 15.0
s3 : 07.1","00:48.882
s1 : 16.3
s2 : 24.9
s3 : 07.5","s1 : 
s2 : 
s3 :","","","","34"
"1753924638-45","https://www.fia.com/events/world-rallycross-championship/season-2022/world-rx-germany/classifications-r1","Heat 3","DNS","Guerlain CHICHERIT
 FRA","Guerlain Chicherit","Lancia Delta-Evo-e RX","0","-","-","s1 : 
s2 : 
s3 :","s1 : 
s2 : 
s3 :","s1 : 
s2 : 
s3 :","s1 : 
s2 : 
s3 :","s1 : 
s2 : 
s3 :","","","","30"
"1753924638-46","https://www.fia.com/events/world-rallycross-championship/season-2022/world-rx-germany/classifications-r1","Progression","1","Johan KRISTOFFERSSON
 SWE","Kristoffersson Motorsport","Volkswagen RX1e","1","2:51.331","","00:35.901
s1 : 17.3
s2 : 12.2
s3 : 06.3","00:33.451
s1 : 14.5
s2 : 12.5
s3 : 06.3","00:37.160
s1 : 13.9
s2 : 16.5
s3 : 06.6","00:32.200
s1 : 13.8
s2 : 12.1
s3 : 06.2","00:32.619
s1 : 14.0
s2 : 12.0
s3 : 06.5","","","",""
"1753924638-47","https://www.fia.com/events/world-rallycross-championship/season-2022/world-rx-germany/classifications-r1","Progression","2","Timmy HANSEN
 SWE","Hansen World RX Team","Peugeot 208 RX1e","1","2:49.102","","00:35.898
s1 : 17.0
s2 : 12.5
s3 : 06.3","00:32.536
s1 : 13.8
s2 : 12.3
s3 : 06.3","00:32.378
s1 : 13.8
s2 : 12.1
s3 : 06.3","00:32.393
s1 : 13.8
s2 : 12.2
s3 : 06.2","00:35.897
s1 : 13.9
s2 : 15.7
s3 : 06.2","","","",""
"1753924638-48","https://www.fia.com/events/world-rallycross-championship/season-2022/world-rx-germany/classifications-r1","Progression","3","Niclas GRÖNHOLM
 FIN","Construction Equipment Dealer Team","PWR RX1e","1","2:50.853","0:01.751","00:40.498
s1 : 17.7
s2 : 16.3
s3 : 06.3","00:32.388
s1 : 13.8
s2 : 12.2
s3 : 06.2","00:32.414
s1 : 13.8
s2 : 12.3
s3 : 06.2","00:32.403
s1 : 14.0
s2 : 12.0
s3 : 06.3","00:33.150
s1 : 13.8
s2 : 12.0
s3 : 07.1","","","",""
"1753924638-49","https://www.fia.com/events/world-rallycross-championship/season-2022/world-rx-germany/classifications-r1","Progression","4","Klara ANDERSSON
 SWE","Construction Equipment Dealer Team","PWR RX1e","1","2:51.660","0:00.329","00:35.491
s1 : 16.8
s2 : 12.2
s3 : 06.3","00:33.422
s1 : 14.7
s2 : 12.3
s3 : 06.3","00:32.585
s1 : 14.1
s2 : 12.1
s3 : 06.2","00:32.735
s1 : 14.2
s2 : 12.3
s3 : 06.1","00:37.427
s1 : 14.1
s2 : 16.6
s3 : 06.6","","","",""
"1753924638-50","https://www.fia.com/events/world-rallycross-championship/season-2022/world-rx-germany/classifications-r1","Progression","5","Ole Christian VEIBY
 NOR","Kristoffersson Motorsport","Volkswagen RX1e","1","2:50.931","0:01.829","00:36.280
s1 : 17.4
s2 : 12.4
s3 : 06.3","00:32.662
s1 : 13.9
s2 : 12.3
s3 : 06.3","00:32.365
s1 : 13.9
s2 : 12.1
s3 : 06.3","00:36.808
s1 : 13.9
s2 : 16.2
s3 : 06.6","00:32.816
s1 : 13.9
s2 : 12.2
s3 : 06.6","","","",""
"1753924638-51","https://www.fia.com/events/world-rallycross-championship/season-2022/world-rx-germany/classifications-r1","Progression","6","Kevin HANSEN
 SWE","Hansen World RX Team","Peugeot 208 RX1e","1","2:52.036","0:00.705","00:41.304
s1 : 18.5
s2 : 16.4
s3 : 06.3","00:32.417
s1 : 14.0
s2 : 12.2
s3 : 06.2","00:33.072
s1 : 13.9
s2 : 12.1
s3 : 06.8","00:32.799
s1 : 14.1
s2 : 12.4
s3 : 06.1","00:32.444
s1 : 14.0
s2 : 12.0
s3 : 06.3","","","",""
"1753924638-52","https://www.fia.com/events/world-rallycross-championship/season-2022/world-rx-germany/classifications-r1","Progression","7","Anton MARKLUND
 SWE","ALL-INKL.COM Muennich Motorsport","Seat Ibiza RX1e","1","2:53.633","0:04.531","00:37.660
s1 : 18.1
s2 : 13.0
s3 : 06.3","00:33.065
s1 : 14.3
s2 : 12.4
s3 : 06.2","00:32.662
s1 : 14.0
s2 : 12.3
s3 : 06.3","00:36.879
s1 : 14.6
s2 : 15.9
s3 : 06.3","00:33.367
s1 : 14.5
s2 : 12.3
s3 : 06.4","","","",""
"1753924638-53","https://www.fia.com/events/world-rallycross-championship/season-2022/world-rx-germany/classifications-r1","Progression","8","Gustav BERGSTRÖM
 SWE","Gustav Bergström","Volkswagen RX1e","1","2:53.605","0:02.274","00:36.664
s1 : 18.0
s2 : 12.3
s3 : 06.2","00:33.475
s1 : 14.7
s2 : 12.4
s3 : 06.3","00:37.132
s1 : 14.2
s2 : 16.2
s3 : 06.6","00:33.122
s1 : 14.3
s2 : 12.2
s3 : 06.4","00:33.212
s1 : 14.3
s2 : 12.5
s3 : 06.3","","","",""
"1753924638-54","https://www.fia.com/events/world-rallycross-championship/season-2022/world-rx-germany/classifications-r1","Progression","9","Guerlain CHICHERIT
 FRA","Guerlain Chicherit","Lancia Delta-Evo-e RX","1","2:56.777","0:07.675","00:42.140
s1 : 18.6
s2 : 16.9
s3 : 06.5","00:33.714
s1 : 14.1
s2 : 12.8
s3 : 06.6","00:32.708
s1 : 13.9
s2 : 12.4
s3 : 06.3","00:33.723
s1 : 14.7
s2 : 12.4
s3 : 06.4","00:34.492
s1 : 15.3
s2 : 12.5
s3 : 06.5","","","",""
"1753924638-55","https://www.fia.com/events/world-rallycross-championship/season-2022/world-rx-germany/classifications-r1","Semi-Final 1","1","Johan KRISTOFFERSSON
 SWE","Kristoffersson Motorsport","Volkswagen RX1e","1","2:48.785","","00:34.962
s1 : 16.5
s2 : 12.0
s3 : 06.3","00:32.598
s1 : 14.0
s2 : 12.0
s3 : 06.4","00:32.373
s1 : 13.7
s2 : 12.0
s3 : 06.5","00:35.607
s1 : 13.8
s2 : 15.3
s3 : 06.3","00:33.245
s1 : 13.8
s2 : 12.4
s3 : 06.9","","","","6"
"1753924638-56","https://www.fia.com/events/world-rallycross-championship/season-2022/world-rx-germany/classifications-r1","Semi-Final 1","2","Kevin HANSEN
 SWE","Hansen World RX Team","Peugeot 208 RX1e","1","2:50.833","0:02.048","00:35.837
s1 : 17.1
s2 : 12.5
s3 : 06.1","00:32.717
s1 : 14.1
s2 : 12.3
s3 : 06.2","00:32.837
s1 : 14.1
s2 : 12.4
s3 : 06.2","00:36.447
s1 : 13.9
s2 : 16.1
s3 : 06.3","00:32.995
s1 : 13.9
s2 : 12.6
s3 : 06.3","","","","5"
"1753924638-57","https://www.fia.com/events/world-rallycross-championship/season-2022/world-rx-germany/classifications-r1","Semi-Final 1","3","Niclas GRÖNHOLM
 FIN","Construction Equipment Dealer Team","PWR RX1e","1","2:52.616","0:03.831","00:40.962
s1 : 17.6
s2 : 16.9
s3 : 06.3","00:33.033
s1 : 14.3
s2 : 12.3
s3 : 06.2","00:32.783
s1 : 14.0
s2 : 12.3
s3 : 06.3","00:32.775
s1 : 14.0
s2 : 12.4
s3 : 06.2","00:33.063
s1 : 14.1
s2 : 12.5
s3 : 06.3","","","","4"
"1753924638-58","https://www.fia.com/events/world-rallycross-championship/season-2022/world-rx-germany/classifications-r1","Semi-Final 1","4","Anton MARKLUND
 SWE","ALL-INKL.COM Muennich Motorsport","Seat Ibiza RX1e","1","2:57.300","0:08.515","00:38.384
s1 : 18.0
s2 : 13.7
s3 : 06.5","00:34.069
s1 : 14.4
s2 : 13.0
s3 : 06.5","00:37.729
s1 : 14.3
s2 : 16.8
s3 : 06.5","00:33.585
s1 : 14.2
s2 : 12.9
s3 : 06.4","00:33.533
s1 : 14.0
s2 : 12.9
s3 : 06.5","","","","3"
"1753924638-59","https://www.fia.com/events/world-rallycross-championship/season-2022/world-rx-germany/classifications-r1","Semi-Final 2","1","Timmy HANSEN
 SWE","Hansen World RX Team","Peugeot 208 RX1e","1","2:49.706","","00:35.870
s1 : 17.2
s2 : 12.4
s3 : 06.2","00:32.739
s1 : 13.9
s2 : 12.3
s3 : 06.4","00:32.377
s1 : 13.9
s2 : 12.2
s3 : 06.2","00:32.232
s1 : 13.7
s2 : 12.2
s3 : 06.3","00:36.488
s1 : 13.9
s2 : 16.0
s3 : 06.4","","","","6"
"1753924638-60","https://www.fia.com/events/world-rallycross-championship/season-2022/world-rx-germany/classifications-r1","Semi-Final 2","2","Ole Christian VEIBY
 NOR","Kristoffersson Motorsport","Volkswagen RX1e","1","2:52.459","0:02.753","00:41.517
s1 : 18.4
s2 : 16.7
s3 : 06.3","00:32.749
s1 : 14.0
s2 : 12.3
s3 : 06.3","00:32.523
s1 : 13.9
s2 : 12.1
s3 : 06.3","00:32.949
s1 : 14.1
s2 : 12.3
s3 : 06.4","00:32.721
s1 : 13.9
s2 : 12.3
s3 : 06.4","","","","5"
"1753924638-61","https://www.fia.com/events/world-rallycross-championship/season-2022/world-rx-germany/classifications-r1","Semi-Final 2","3","Klara ANDERSSON
 SWE","Construction Equipment Dealer Team","PWR RX1e","1","2:53.640","0:03.934","00:38.001
s1 : 18.6
s2 : 12.9
s3 : 06.3","00:33.251
s1 : 14.4
s2 : 12.5
s3 : 06.2","00:32.604
s1 : 13.9
s2 : 12.4
s3 : 06.2","00:32.830
s1 : 14.1
s2 : 12.4
s3 : 06.1","00:36.954
s1 : 14.2
s2 : 16.2
s3 : 06.4","","","","4"
"1753924638-62","https://www.fia.com/events/world-rallycross-championship/season-2022/world-rx-germany/classifications-r1","Semi-Final 2","4","Gustav BERGSTRÖM
 SWE","Gustav Bergström","Volkswagen RX1e","1","2:55.467","0:05.761","00:38.369
s1 : 19.1
s2 : 12.9
s3 : 06.3","00:37.438
s1 : 14.5
s2 : 16.2
s3 : 06.5","00:33.017
s1 : 14.2
s2 : 12.3
s3 : 06.4","00:33.596
s1 : 14.5
s2 : 12.5
s3 : 06.5","00:33.047
s1 : 13.9
s2 : 12.5
s3 : 06.5","","","","3"
"1753924638-63","https://www.fia.com/events/world-rallycross-championship/season-2022/world-rx-germany/classifications-r1","Semi-Final 2","DNF","Guerlain CHICHERIT
 FRA","Guerlain Chicherit","Lancia Delta-Evo-e RX","1","-","+2 LAP","00:36.602
s1 : 17.9
s2 : 12.4
s3 : 06.2","00:33.294
s1 : 14.4
s2 : 12.5
s3 : 06.3","00:32.686
s1 : 14.2
s2 : 12.3
s3 : 06.1","s1 : 
s2 : 
s3 :","s1 : 
s2 : 
s3 :","","","","2"
"1753924638-64","https://www.fia.com/events/world-rallycross-championship/season-2022/world-rx-germany/classifications-r1","Final","1","Johan KRISTOFFERSSON
 SWE","Kristoffersson Motorsport","Volkswagen RX1e","1","2:46.942","","00:35.270
s1 : 16.9
s2 : 12.0
s3 : 06.2","00:32.467
s1 : 13.9
s2 : 12.2
s3 : 06.2","00:31.942
s1 : 13.6
s2 : 12.0
s3 : 06.1","00:31.979
s1 : 13.6
s2 : 12.0
s3 : 06.2","00:35.284
s1 : 13.5
s2 : 15.4
s3 : 06.2","","","","8"
"1753924638-65","https://www.fia.com/events/world-rallycross-championship/season-2022/world-rx-germany/classifications-r1","Final","2","Kevin HANSEN
 SWE","Hansen World RX Team","Peugeot 208 RX1e","1","2:48.611","0:01.669","00:39.851
s1 : 17.5
s2 : 16.2
s3 : 06.0","00:32.237
s1 : 13.8
s2 : 12.2
s3 : 06.1","00:32.263
s1 : 13.8
s2 : 12.1
s3 : 06.2","00:31.960
s1 : 13.8
s2 : 12.0
s3 : 06.1","00:32.300
s1 : 13.7
s2 : 12.0
s3 : 06.4","","","","5"
"1753924638-66","https://www.fia.com/events/world-rallycross-championship/season-2022/world-rx-germany/classifications-r1","Final","3","Niclas GRÖNHOLM
 FIN","Construction Equipment Dealer Team","PWR RX1e","1","2:49.217","0:02.275","00:35.818
s1 : 17.2
s2 : 12.2
s3 : 06.3","00:32.810
s1 : 14.1
s2 : 12.3
s3 : 06.2","00:32.230
s1 : 13.8
s2 : 12.1
s3 : 06.1","00:32.199
s1 : 13.8
s2 : 12.1
s3 : 06.1","00:36.160
s1 : 13.8
s2 : 15.8
s3 : 06.4","","","","4"
"1753924638-67","https://www.fia.com/events/world-rallycross-championship/season-2022/world-rx-germany/classifications-r1","Final","4","Timmy HANSEN
 SWE","Hansen World RX Team","Peugeot 208 RX1e","1","2:49.794","0:02.852","00:41.059
s1 : 17.7
s2 : 16.8
s3 : 06.3","00:32.404
s1 : 13.8
s2 : 12.4
s3 : 06.1","00:31.986
s1 : 13.6
s2 : 12.1
s3 : 06.1","00:32.056
s1 : 13.8
s2 : 12.0
s3 : 06.1","00:32.289
s1 : 13.8
s2 : 12.0
s3 : 06.3","","","","3"
"1753924638-68","https://www.fia.com/events/world-rallycross-championship/season-2022/world-rx-germany/classifications-r1","Final","5","Ole Christian VEIBY
 NOR","Kristoffersson Motorsport","Volkswagen RX1e","1","2:51.651","0:04.709","00:41.568
s1 : 18.3
s2 : 17.0
s3 : 06.2","00:32.631
s1 : 13.9
s2 : 12.4
s3 : 06.2","00:32.578
s1 : 14.2
s2 : 12.2
s3 : 06.1","00:32.243
s1 : 13.8
s2 : 12.2
s3 : 06.1","00:32.631
s1 : 14.0
s2 : 12.2
s3 : 06.2","","","","2"
"1753924640-69","https://www.fia.com/events/world-rallycross-championship/season-2022/world-rx-barcelona-catalunya/r2-classifications","Heat 1","1","Johan KRISTOFFERSSON
 SWE","Kristoffersson Motorsport","Volkswagen RX1e","1","4:02.411","","00:54.766
s1 : 24.3
s2 : 10.3
s3 : 20.0","00:46.020
s1 : 15.3
s2 : 10.3
s3 : 20.2","00:46.117
s1 : 15.4
s2 : 10.3
s3 : 20.3","00:49.026
s1 : 15.3
s2 : 13.2
s3 : 20.3","00:46.482
s1 : 15.7
s2 : 10.3
s3 : 20.4","","","","50"
"1753924640-70","https://www.fia.com/events/world-rallycross-championship/season-2022/world-rx-barcelona-catalunya/r2-classifications","Heat 1","2","Timmy HANSEN
 SWE","Hansen World RX Team","Peugeot 208 RX1e","1","4:05.099","0:02.688","00:55.918
s1 : 25.1
s2 : 10.3
s3 : 20.4","00:46.574
s1 : 15.5
s2 : 10.3
s3 : 20.6","00:46.190
s1 : 15.2
s2 : 10.3
s3 : 20.5","00:46.684
s1 : 15.3
s2 : 10.6
s3 : 20.7","00:49.733
s1 : 15.4
s2 : 13.4
s3 : 20.7","","","","45"
"1753924640-71","https://www.fia.com/events/world-rallycross-championship/season-2022/world-rx-barcelona-catalunya/r2-classifications","Heat 1","3","Niclas GRÖNHOLM
 FIN","Construction Equipment Dealer Team","PWR RX1e","1","4:06.667","0:04.256","00:59.317
s1 : 25.5
s2 : 13.3
s3 : 20.4","00:46.826
s1 : 15.5
s2 : 10.5
s3 : 20.7","00:46.467
s1 : 15.3
s2 : 10.4
s3 : 20.5","00:46.945
s1 : 15.5
s2 : 10.4
s3 : 20.8","00:47.112
s1 : 15.6
s2 : 10.5
s3 : 20.9","","","","42"
"1753924640-72","https://www.fia.com/events/world-rallycross-championship/season-2022/world-rx-barcelona-catalunya/r2-classifications","Heat 1","4","Ole Christian VEIBY
 NOR","Kristoffersson Motorsport","Volkswagen RX1e","1","4:07.955","0:05.544","00:55.822
s1 : 24.8
s2 : 10.5
s3 : 20.5","00:46.666
s1 : 15.7
s2 : 10.3
s3 : 20.5","00:47.393
s1 : 15.9
s2 : 10.5
s3 : 20.9","00:47.110
s1 : 15.9
s2 : 10.4
s3 : 20.6","00:50.964
s1 : 16.2
s2 : 13.4
s3 : 21.3","","","","40"
"1753924640-73","https://www.fia.com/events/world-rallycross-championship/season-2022/world-rx-barcelona-catalunya/r2-classifications","Heat 1","5","Kevin HANSEN
 SWE","Hansen World RX Team","Peugeot 208 RX1e","1","4:08.582","0:06.171","00:56.903
s1 : 25.9
s2 : 10.4
s3 : 20.5","00:46.775
s1 : 15.6
s2 : 10.3
s3 : 20.7","00:46.833
s1 : 15.6
s2 : 10.4
s3 : 20.8","00:49.975
s1 : 15.8
s2 : 13.2
s3 : 20.8","00:48.096
s1 : 15.6
s2 : 10.5
s3 : 21.8","","","","39"
"1753924640-74","https://www.fia.com/events/world-rallycross-championship/season-2022/world-rx-barcelona-catalunya/r2-classifications","Heat 1","6","Gustav BERGSTRÖM
 SWE","Gustav Bergström","Volkswagen RX1e","1","4:09.388","0:06.977","00:59.614
s1 : 25.6
s2 : 13.2
s3 : 20.7","00:47.449
s1 : 16.0
s2 : 10.5
s3 : 20.8","00:47.271
s1 : 15.7
s2 : 10.6
s3 : 20.7","00:47.236
s1 : 15.8
s2 : 10.6
s3 : 20.7","00:47.818
s1 : 15.7
s2 : 10.6
s3 : 21.3","","","","38"
"1753924640-75","https://www.fia.com/events/world-rallycross-championship/season-2022/world-rx-barcelona-catalunya/r2-classifications","Heat 1","7","Klara ANDERSSON
 SWE","Construction Equipment Dealer Team","PWR RX1e","1","4:11.167","0:08.756","01:00.659
s1 : 26.2
s2 : 13.4
s3 : 20.9","00:47.281
s1 : 15.7
s2 : 10.4
s3 : 21.0","00:47.491
s1 : 15.9
s2 : 10.3
s3 : 21.1","00:48.047
s1 : 16.1
s2 : 10.5
s3 : 21.3","00:47.689
s1 : 15.9
s2 : 10.4
s3 : 21.2","","","","37"
"1753924640-76","https://www.fia.com/events/world-rallycross-championship/season-2022/world-rx-barcelona-catalunya/r2-classifications","Heat 1","8","Rene MÜNNICH
 DEU","ALL-INKL.COM Muennich Motorsport","Seat Ibiza RX1e","1","4:14.146","0:11.735","01:02.150
s1 : 27.0
s2 : 13.9
s3 : 21.2","00:47.678
s1 : 15.9
s2 : 10.8
s3 : 20.8","00:48.052
s1 : 16.4
s2 : 10.7
s3 : 20.8","00:47.815
s1 : 16.1
s2 : 10.8
s3 : 20.8","00:48.451
s1 : 16.2
s2 : 10.7
s3 : 21.3","","","","36"
"1753924640-77","https://www.fia.com/events/world-rallycross-championship/season-2022/world-rx-barcelona-catalunya/r2-classifications","Heat 2","1","Johan KRISTOFFERSSON
 SWE","Kristoffersson Motorsport","Volkswagen RX1e","1","4:00.189","","00:54.266
s1 : 24.2
s2 : 10.1
s3 : 19.7","00:45.425
s1 : 15.1
s2 : 10.3
s3 : 19.8","00:45.439
s1 : 15.2
s2 : 10.3
s3 : 19.9","00:49.416
s1 : 15.2
s2 : 13.1
s3 : 20.9","00:45.643
s1 : 15.2
s2 : 10.4
s3 : 19.9","","","","50"
"1753924640-78","https://www.fia.com/events/world-rallycross-championship/season-2022/world-rx-barcelona-catalunya/r2-classifications","Heat 2","2","Timmy HANSEN
 SWE","Hansen World RX Team","Peugeot 208 RX1e","1","4:01.482","0:01.293","00:54.853
s1 : 24.5
s2 : 10.2
s3 : 20.0","00:45.742
s1 : 15.3
s2 : 10.2
s3 : 20.1","00:45.819
s1 : 15.3
s2 : 10.3
s3 : 20.1","00:45.906
s1 : 15.3
s2 : 10.3
s3 : 20.1","00:49.162
s1 : 15.3
s2 : 13.2
s3 : 20.5","","","","45"
"1753924640-79","https://www.fia.com/events/world-rallycross-championship/season-2022/world-rx-barcelona-catalunya/r2-classifications","Heat 2","3","Ole Christian VEIBY
 NOR","Kristoffersson Motorsport","Volkswagen RX1e","1","4:03.064","0:02.875","00:55.453
s1 : 25.0
s2 : 10.3
s3 : 19.9","00:46.161
s1 : 15.5
s2 : 10.4
s3 : 20.2","00:45.898
s1 : 15.3
s2 : 10.3
s3 : 20.1","00:46.337
s1 : 15.5
s2 : 10.3
s3 : 20.4","00:49.215
s1 : 15.4
s2 : 13.2
s3 : 20.4","","","","42"
"1753924640-80","https://www.fia.com/events/world-rallycross-championship/season-2022/world-rx-barcelona-catalunya/r2-classifications","Heat 2","4","Kevin HANSEN
 SWE","Hansen World RX Team","Peugeot 208 RX1e","1","4:04.313","0:04.124","00:58.593
s1 : 25.1
s2 : 13.2
s3 : 20.2","00:46.040
s1 : 15.3
s2 : 10.4
s3 : 20.2","00:46.366
s1 : 15.7
s2 : 10.4
s3 : 20.2","00:46.623
s1 : 15.6
s2 : 10.4
s3 : 20.4","00:46.691
s1 : 15.5
s2 : 10.4
s3 : 20.6","","","","40"
"1753924640-81","https://www.fia.com/events/world-rallycross-championship/season-2022/world-rx-barcelona-catalunya/r2-classifications","Heat 2","5","Niclas GRÖNHOLM
 FIN","Construction Equipment Dealer Team","PWR RX1e","1","4:05.115","0:04.926","00:56.429
s1 : 25.5
s2 : 10.5
s3 : 20.3","00:46.372
s1 : 15.5
s2 : 10.4
s3 : 20.3","00:46.366
s1 : 15.5
s2 : 10.4
s3 : 20.3","00:46.408
s1 : 15.6
s2 : 10.4
s3 : 20.2","00:49.540
s1 : 15.3
s2 : 13.4
s3 : 20.7","","","","39"
"1753924640-82","https://www.fia.com/events/world-rallycross-championship/season-2022/world-rx-barcelona-catalunya/r2-classifications","Heat 2","6","Gustav BERGSTRÖM
 SWE","Gustav Bergström","Volkswagen RX1e","1","4:07.627","0:07.438","00:59.630
s1 : 25.7
s2 : 13.1
s3 : 20.7","00:46.903
s1 : 16.0
s2 : 10.3
s3 : 20.4","00:46.535
s1 : 15.7
s2 : 10.3
s3 : 20.4","00:46.987
s1 : 15.8
s2 : 10.4
s3 : 20.6","00:47.572
s1 : 15.8
s2 : 10.6
s3 : 21.1","","","","38"
"1753924640-83","https://www.fia.com/events/world-rallycross-championship/season-2022/world-rx-barcelona-catalunya/r2-classifications","Heat 2","7","Klara ANDERSSON
 SWE","Construction Equipment Dealer Team","PWR RX1e","1","4:08.012","0:07.823","00:57.469
s1 : 26.3
s2 : 10.4
s3 : 20.6","00:46.403
s1 : 15.7
s2 : 10.4
s3 : 20.2","00:46.503
s1 : 15.5
s2 : 10.5
s3 : 20.4","00:46.774
s1 : 15.6
s2 : 10.5
s3 : 20.5","00:50.863
s1 : 15.5
s2 : 13.8
s3 : 21.4","","","","37"
"1753924640-84","https://www.fia.com/events/world-rallycross-championship/season-2022/world-rx-barcelona-catalunya/r2-classifications","Heat 2","8","Rene MÜNNICH
 DEU","ALL-INKL.COM Muennich Motorsport","Seat Ibiza RX1e","1","4:12.266","0:12.077","01:00.436
s1 : 26.5
s2 : 13.5
s3 : 20.3","00:47.365
s1 : 16.0
s2 : 10.8
s3 : 20.4","00:47.362
s1 : 15.9
s2 : 10.7
s3 : 20.6","00:47.489
s1 : 15.9
s2 : 10.7
s3 : 20.8","00:49.614
s1 : 15.6
s2 : 10.8
s3 : 23.0","","","","36"
"1753924640-85","https://www.fia.com/events/world-rallycross-championship/season-2022/world-rx-barcelona-catalunya/r2-classifications","Warm up","1","Johan KRISTOFFERSSON
 SWE","Kristoffersson Motorsport","Volkswagen RX1e","","-","","00:46.701
s1 : 16.1
s2 : 10.3
s3 : 20.2","","","","","","","",""
"1753924640-86","https://www.fia.com/events/world-rallycross-championship/season-2022/world-rx-barcelona-catalunya/r2-classifications","Warm up","2","Niclas GRÖNHOLM
 FIN","Construction Equipment Dealer Team","PWR RX1e","","-","0:00.113","00:46.814
s1 : 15.9
s2 : 10.4
s3 : 20.4","","","","","","","",""
"1753924640-87","https://www.fia.com/events/world-rallycross-championship/season-2022/world-rx-barcelona-catalunya/r2-classifications","Warm up","3","Timmy HANSEN
 SWE","Hansen World RX Team","Peugeot 208 RX1e","","-","0:00.729","00:47.430
s1 : 16.0
s2 : 10.4
s3 : 20.9","","","","","","","",""
"1753924640-88","https://www.fia.com/events/world-rallycross-championship/season-2022/world-rx-barcelona-catalunya/r2-classifications","Warm up","4","Kevin HANSEN
 SWE","Hansen World RX Team","Peugeot 208 RX1e","","-","0:00.804","00:47.505
s1 : 16.1
s2 : 10.3
s3 : 20.9","","","","","","","",""
"1753924640-89","https://www.fia.com/events/world-rallycross-championship/season-2022/world-rx-barcelona-catalunya/r2-classifications","Warm up","5","Ole Christian VEIBY
 NOR","Kristoffersson Motorsport","Volkswagen RX1e","","-","0:00.839","00:47.540
s1 : 16.3
s2 : 10.4
s3 : 20.7","","","","","","","",""
"1753924640-90","https://www.fia.com/events/world-rallycross-championship/season-2022/world-rx-barcelona-catalunya/r2-classifications","Warm up","6","Klara ANDERSSON
 SWE","Construction Equipment Dealer Team","PWR RX1e","","-","0:02.588","00:49.289
s1 : 17.1
s2 : 10.6
s3 : 21.5","","","","","","","",""
"1753924640-91","https://www.fia.com/events/world-rallycross-championship/season-2022/world-rx-barcelona-catalunya/r2-classifications","Warm up","7","Gustav BERGSTRÖM
 SWE","Gustav Bergström","Volkswagen RX1e","","-","0:02.848","00:49.549
s1 : 17.6
s2 : 10.6
s3 : 21.2","","","","","","","",""
"1753924640-92","https://www.fia.com/events/world-rallycross-championship/season-2022/world-rx-barcelona-catalunya/r2-classifications","Warm up","8","Rene MÜNNICH
 DEU","ALL-INKL.COM Muennich Motorsport","Seat Ibiza RX1e","","-","0:05.257","00:51.958
s1 : 17.3
s2 : 13.5
s3 : 21.0","","","","","","","",""
"1753924640-93","https://www.fia.com/events/world-rallycross-championship/season-2022/world-rx-barcelona-catalunya/r2-classifications","Progression","1","Johan KRISTOFFERSSON
 SWE","Kristoffersson Motorsport","Volkswagen RX1e","1","3:57.644","","00:54.410
s1 : 24.6
s2 : 10.1
s3 : 19.6","00:44.890
s1 : 14.9
s2 : 10.2
s3 : 19.6","00:45.070
s1 : 14.9
s2 : 10.4
s3 : 19.6","00:45.181
s1 : 15.1
s2 : 10.3
s3 : 19.6","00:48.093
s1 : 15.1
s2 : 13.2
s3 : 19.6","","","",""
"1753924640-94","https://www.fia.com/events/world-rallycross-championship/season-2022/world-rx-barcelona-catalunya/r2-classifications","Progression","2","Timmy HANSEN
 SWE","Hansen World RX Team","Peugeot 208 RX1e","1","4:00.306","","00:54.949
s1 : 24.7
s2 : 10.3
s3 : 19.8","00:45.664
s1 : 15.3
s2 : 10.3
s3 : 19.9","00:48.658
s1 : 15.2
s2 : 13.2
s3 : 20.1","00:45.510
s1 : 15.1
s2 : 10.3
s3 : 20.0","00:45.525
s1 : 15.1
s2 : 10.3
s3 : 20.0","","","",""
"1753924640-95","https://www.fia.com/events/world-rallycross-championship/season-2022/world-rx-barcelona-catalunya/r2-classifications","Progression","3","Ole Christian VEIBY
 NOR","Kristoffersson Motorsport","Volkswagen RX1e","1","4:02.734","0:05.090","00:58.768
s1 : 25.3
s2 : 13.2
s3 : 20.1","00:45.906
s1 : 15.2
s2 : 10.4
s3 : 20.2","00:45.756
s1 : 15.1
s2 : 10.4
s3 : 20.2","00:46.269
s1 : 15.3
s2 : 10.4
s3 : 20.4","00:46.035
s1 : 15.3
s2 : 10.4
s3 : 20.2","","","",""
"1753924640-96","https://www.fia.com/events/world-rallycross-championship/season-2022/world-rx-barcelona-catalunya/r2-classifications","Progression","4","Niclas GRÖNHOLM
 FIN","Construction Equipment Dealer Team","PWR RX1e","1","4:03.101","0:02.795","00:55.861
s1 : 25.1
s2 : 10.5
s3 : 20.1","00:46.087
s1 : 15.2
s2 : 10.5
s3 : 20.2","00:45.628
s1 : 15.1
s2 : 10.3
s3 : 20.0","00:49.226
s1 : 15.3
s2 : 13.4
s3 : 20.4","00:46.299
s1 : 15.4
s2 : 10.5
s3 : 20.3","","","",""
"1753924640-97","https://www.fia.com/events/world-rallycross-championship/season-2022/world-rx-barcelona-catalunya/r2-classifications","Progression","5","Gustav BERGSTRÖM
 SWE","Gustav Bergström","Volkswagen RX1e","1","4:04.113","0:03.807","00:58.727
s1 : 25.5
s2 : 13.1
s3 : 20.0","00:46.138
s1 : 15.6
s2 : 10.4
s3 : 20.0","00:46.270
s1 : 15.4
s2 : 10.5
s3 : 20.2","00:46.475
s1 : 15.2
s2 : 10.6
s3 : 20.5","00:46.503
s1 : 15.4
s2 : 10.6
s3 : 20.4","","","",""
"1753924640-98","https://www.fia.com/events/world-rallycross-championship/season-2022/world-rx-barcelona-catalunya/r2-classifications","Progression","6","Klara ANDERSSON
 SWE","Construction Equipment Dealer Team","PWR RX1e","1","4:05.065","0:07.421","00:56.899
s1 : 25.9
s2 : 10.4
s3 : 20.4","00:46.100
s1 : 15.4
s2 : 10.6
s3 : 20.0","00:46.382
s1 : 15.2
s2 : 10.6
s3 : 20.4","00:46.233
s1 : 15.4
s2 : 10.5
s3 : 20.2","00:49.451
s1 : 15.4
s2 : 13.4
s3 : 20.5","","","",""
"1753924640-99","https://www.fia.com/events/world-rallycross-championship/season-2022/world-rx-barcelona-catalunya/r2-classifications","Progression","7","Rene MÜNNICH
 DEU","ALL-INKL.COM Muennich Motorsport","Seat Ibiza RX1e","1","4:09.256","0:08.950","01:00.391
s1 : 26.1
s2 : 13.8
s3 : 20.4","00:46.952
s1 : 15.7
s2 : 10.8
s3 : 20.3","00:47.338
s1 : 16.1
s2 : 10.6
s3 : 20.5","00:47.655
s1 : 15.6
s2 : 10.9
s3 : 20.9","00:46.920
s1 : 15.6
s2 : 10.7
s3 : 20.5","","","",""
"1753924640-100","https://www.fia.com/events/world-rallycross-championship/season-2022/world-rx-barcelona-catalunya/r2-classifications","Progression","8","Kevin HANSEN
 SWE","Hansen World RX Team","Peugeot 208 RX1e","1","4:06.533","0:08.889","01:03.916
s1 : 30.6
s2 : 13.1
s3 : 20.1","00:45.716
s1 : 15.2
s2 : 10.3
s3 : 20.0","00:45.343
s1 : 14.9
s2 : 10.4
s3 : 19.9","00:45.675
s1 : 15.2
s2 : 10.4
s3 : 19.9","00:45.883
s1 : 15.2
s2 : 10.6
s3 : 20.0","","","",""
"1753924640-101","https://www.fia.com/events/world-rallycross-championship/season-2022/world-rx-barcelona-catalunya/r2-classifications","Semi-Final 1","1","Johan KRISTOFFERSSON
 SWE","Kristoffersson Motorsport","Volkswagen RX1e","1","4:05.664","","00:53.775
s1 : 24.1
s2 : 10.1
s3 : 19.4","00:44.814
s1 : 15.0
s2 : 10.2
s3 : 19.4","00:48.331
s1 : 15.1
s2 : 13.1
s3 : 20.0","00:48.435
s1 : 15.8
s2 : 11.2
s3 : 21.2","00:50.309
s1 : 17.1
s2 : 11.7
s3 : 21.4","","","","6"
"1753924640-102","https://www.fia.com/events/world-rallycross-championship/season-2022/world-rx-barcelona-catalunya/r2-classifications","Semi-Final 1","2","Klara ANDERSSON
 SWE","Construction Equipment Dealer Team","PWR RX1e","1","4:07.408","0:01.744","00:56.044
s1 : 25.2
s2 : 10.4
s3 : 20.3","00:48.818
s1 : 15.3
s2 : 13.2
s3 : 20.1","00:47.298
s1 : 15.3
s2 : 10.5
s3 : 21.4","00:48.615
s1 : 16.7
s2 : 11.4
s3 : 20.4","00:46.633
s1 : 15.4
s2 : 10.5
s3 : 20.6","","","","5"
"1753924640-103","https://www.fia.com/events/world-rallycross-championship/season-2022/world-rx-barcelona-catalunya/r2-classifications","Semi-Final 1","3","Niclas GRÖNHOLM
 FIN","Construction Equipment Dealer Team","PWR RX1e","1","4:13.239","0:07.575","00:55.008
s1 : 24.7
s2 : 10.2
s3 : 19.9","00:45.628
s1 : 15.2
s2 : 10.3
s3 : 20.0","00:50.826
s1 : 15.3
s2 : 14.1
s3 : 21.3","00:50.366
s1 : 17.1
s2 : 11.7
s3 : 21.4","00:51.411
s1 : 17.3
s2 : 12.0
s3 : 21.9","","","","4"
"1753924640-104","https://www.fia.com/events/world-rallycross-championship/season-2022/world-rx-barcelona-catalunya/r2-classifications","Semi-Final 1","4","Rene MÜNNICH
 DEU","ALL-INKL.COM Muennich Motorsport","Seat Ibiza RX1e","1","4:13.796","0:08.132","00:59.455
s1 : 25.8
s2 : 13.4
s3 : 20.1","00:46.609
s1 : 15.5
s2 : 10.6
s3 : 20.3","00:47.957
s1 : 15.7
s2 : 10.6
s3 : 21.5","00:48.470
s1 : 15.8
s2 : 11.1
s3 : 21.5","00:51.305
s1 : 17.0
s2 : 12.1
s3 : 22.0","","","","3"
"1753924640-105","https://www.fia.com/events/world-rallycross-championship/season-2022/world-rx-barcelona-catalunya/r2-classifications","Semi-Final 2","1","Timmy HANSEN
 SWE","Hansen World RX Team","Peugeot 208 RX1e","1","3:59.498","","00:54.526
s1 : 24.5
s2 : 10.2
s3 : 19.7","00:45.446
s1 : 15.2
s2 : 10.2
s3 : 19.9","00:45.368
s1 : 15.1
s2 : 10.3
s3 : 19.8","00:45.651
s1 : 15.3
s2 : 10.3
s3 : 19.9","00:48.507
s1 : 15.2
s2 : 13.2
s3 : 20.0","","","","6"
"1753924640-106","https://www.fia.com/events/world-rallycross-championship/season-2022/world-rx-barcelona-catalunya/r2-classifications","Semi-Final 2","2","Ole Christian VEIBY
 NOR","Kristoffersson Motorsport","Volkswagen RX1e","1","4:02.357","0:02.859","00:55.756
s1 : 25.1
s2 : 10.4
s3 : 20.2","00:45.542
s1 : 15.1
s2 : 10.2
s3 : 20.0","00:45.702
s1 : 15.1
s2 : 10.2
s3 : 20.2","00:48.878
s1 : 15.3
s2 : 13.2
s3 : 20.2","00:46.479
s1 : 15.2
s2 : 10.5
s3 : 20.6","","","","5"
"1753924640-107","https://www.fia.com/events/world-rallycross-championship/season-2022/world-rx-barcelona-catalunya/r2-classifications","Semi-Final 2","3","Kevin HANSEN
 SWE","Hansen World RX Team","Peugeot 208 RX1e","1","4:02.689","0:03.191","00:56.355
s1 : 25.9
s2 : 10.4
s3 : 19.9","00:45.521
s1 : 15.0
s2 : 10.3
s3 : 20.0","00:45.655
s1 : 15.2
s2 : 10.3
s3 : 20.0","00:45.858
s1 : 15.3
s2 : 10.5
s3 : 20.0","00:49.300
s1 : 15.1
s2 : 13.3
s3 : 20.7","","","","4"
"1753924640-108","https://www.fia.com/events/world-rallycross-championship/season-2022/world-rx-barcelona-catalunya/r2-classifications","Semi-Final 2","4","Gustav BERGSTRÖM
 SWE","Gustav Bergström","Volkswagen RX1e","1","4:03.859","0:04.361","00:59.089
s1 : 25.6
s2 : 13.3
s3 : 20.1","00:45.831
s1 : 15.2
s2 : 10.5
s3 : 20.0","00:46.278
s1 : 15.4
s2 : 10.6
s3 : 20.1","00:46.175
s1 : 15.4
s2 : 10.5
s3 : 20.1","00:46.486
s1 : 15.3
s2 : 10.6
s3 : 20.4","","","","3"
"1753924640-109","https://www.fia.com/events/world-rallycross-championship/season-2022/world-rx-barcelona-catalunya/r2-classifications","Final","1","Johan KRISTOFFERSSON
 SWE","Kristoffersson Motorsport","Volkswagen RX1e","1","3:55.209","","00:53.346
s1 : 23.9
s2 : 10.1
s3 : 19.1","00:44.411
s1 : 14.7
s2 : 10.1
s3 : 19.4","00:44.781
s1 : 14.9
s2 : 10.2
s3 : 19.6","00:44.859
s1 : 14.9
s2 : 10.3
s3 : 19.6","00:47.812
s1 : 14.8
s2 : 13.2
s3 : 19.6","","","","8"
"1753924640-110","https://www.fia.com/events/world-rallycross-championship/season-2022/world-rx-barcelona-catalunya/r2-classifications","Final","2","Timmy HANSEN
 SWE","Hansen World RX Team","Peugeot 208 RX1e","1","4:00.321","0:05.112","00:55.213
s1 : 25.1
s2 : 10.3
s3 : 19.7","00:45.204
s1 : 14.9
s2 : 10.4
s3 : 19.8","00:45.432
s1 : 15.1
s2 : 10.4
s3 : 19.8","00:45.609
s1 : 15.1
s2 : 10.4
s3 : 19.9","00:48.863
s1 : 14.9
s2 : 13.3
s3 : 20.5","","","","5"
"1753924640-111","https://www.fia.com/events/world-rallycross-championship/season-2022/world-rx-barcelona-catalunya/r2-classifications","Final","3","Ole Christian VEIBY
 NOR","Kristoffersson Motorsport","Volkswagen RX1e","1","4:01.534","0:06.325","00:58.552
s1 : 25.5
s2 : 13.1
s3 : 19.8","00:45.317
s1 : 15.0
s2 : 10.4
s3 : 19.8","00:45.525
s1 : 15.1
s2 : 10.3
s3 : 20.0","00:45.980
s1 : 15.2
s2 : 10.4
s3 : 20.3","00:46.160
s1 : 15.2
s2 : 10.5
s3 : 20.2","","","","4"
"1753924640-112","https://www.fia.com/events/world-rallycross-championship/season-2022/world-rx-barcelona-catalunya/r2-classifications","Final","4","Klara ANDERSSON
 SWE","Construction Equipment Dealer Team","PWR RX1e","1","4:02.771","0:07.562","00:57.340
s1 : 26.7
s2 : 10.4
s3 : 20.1","00:45.611
s1 : 15.2
s2 : 10.3
s3 : 19.9","00:45.569
s1 : 15.1
s2 : 10.4
s3 : 20.0","00:45.489
s1 : 15.2
s2 : 10.4
s3 : 19.8","00:48.762
s1 : 15.0
s2 : 13.3
s3 : 20.3","","","","3"
"1753924640-113","https://www.fia.com/events/world-rallycross-championship/season-2022/world-rx-barcelona-catalunya/r2-classifications","Final","DNF","Niclas GRÖNHOLM
 FIN","Construction Equipment Dealer Team","PWR RX1e","2","-","+2 LAP","01:01.113
s1 : 26.3
s2 : 13.5
s3 : 21.1","00:48.002
s1 : 15.9
s2 : 11.0
s3 : 20.9","00:53.882
s1 : 17.0
s2 : 11.5
s3 : 25.3","s1 : 
s2 : 
s3 :","s1 : 
s2 : 
s3 :","","","","2"
"1753924643-114","https://www.fia.com/events/world-rallycross-championship/season-2022/world-rx-barcelona-catalunya/classifications-r1","Free Practice","1","Johan KRISTOFFERSSON
 SWE","Kristoffersson Motorsport","Volkswagen RX1e","","-","","00:46.399
s1 : 16.2
s2 : 10.2
s3 : 19.8","00:46.569
s1 : 16.4
s2 : 10.3
s3 : 19.8","00:46.177
s1 : 16.0
s2 : 10.3
s3 : 19.8","22:22.423
s1 : 25.2
s2 : 13.3
s3 : 20.0","00:46.620
s1 : 16.1
s2 : 10.3
s3 : 20.0","00:46.892
s1 : 16.5
s2 : 10.4
s3 : 19.9","","",""
"1753924643-115","https://www.fia.com/events/world-rallycross-championship/season-2022/world-rx-barcelona-catalunya/classifications-r1","Free Practice","2","Timmy HANSEN
 SWE","Hansen World RX Team","Peugeot 208 RX1e","","-","0:00.433","00:49.728
s1 : 16.4
s2 : 13.2
s3 : 20.0","00:46.610
s1 : 16.1
s2 : 10.5
s3 : 19.9","00:47.232
s1 : 16.6
s2 : 10.4
s3 : 20.1","23:26.289
s1 : 32.4
s2 : 13.0
s3 : 20.5","00:49.477
s1 : 16.0
s2 : 13.1
s3 : 20.3","00:46.693
s1 : 15.9
s2 : 10.4
s3 : 20.3","","",""
"1753924643-116","https://www.fia.com/events/world-rallycross-championship/season-2022/world-rx-barcelona-catalunya/classifications-r1","Free Practice","3","Ole Christian VEIBY
 NOR","Kristoffersson Motorsport","Volkswagen RX1e","","-","0:00.444","00:46.829
s1 : 16.1
s2 : 10.8
s3 : 19.8","00:46.621
s1 : 16.2
s2 : 10.3
s3 : 20.0","00:47.063
s1 : 16.6
s2 : 10.3
s3 : 20.1","22:22.535
s1 : 19.4
s2 : 13.3
s3 : 20.2","00:47.426
s1 : 16.8
s2 : 10.4
s3 : 20.0","00:47.117
s1 : 16.3
s2 : 10.3
s3 : 20.4","","",""
"1753924643-117","https://www.fia.com/events/world-rallycross-championship/season-2022/world-rx-barcelona-catalunya/classifications-r1","Free Practice","4","Niclas GRÖNHOLM
 FIN","Construction Equipment Dealer Team","PWR RX1e","","-","0:00.709","00:47.550
s1 : 16.9
s2 : 10.4
s3 : 20.1","00:47.222
s1 : 16.7
s2 : 10.4
s3 : 20.0","00:47.779
s1 : 17.2
s2 : 10.4
s3 : 20.1","22:21.311
s1 : 26.6
s2 : 13.3
s3 : 20.4","00:46.886
s1 : 16.2
s2 : 10.4
s3 : 20.2","00:46.963
s1 : 16.2
s2 : 10.4
s3 : 20.3","","",""
"1753924643-118","https://www.fia.com/events/world-rallycross-championship/season-2022/world-rx-barcelona-catalunya/classifications-r1","Free Practice","5","Kevin HANSEN
 SWE","Hansen World RX Team","Peugeot 208 RX1e","","-","0:00.983","00:50.815
s1 : 17.1
s2 : 13.1
s3 : 20.4","00:47.755
s1 : 17.2
s2 : 10.3
s3 : 20.1","00:47.160
s1 : 16.6
s2 : 10.4
s3 : 20.0","22:15.353
s1 : 28.4
s2 : 13.0
s3 : 20.7","00:49.864
s1 : 16.1
s2 : 13.2
s3 : 20.4","00:47.351
s1 : 16.3
s2 : 10.4
s3 : 20.5","","",""
"1753924643-119","https://www.fia.com/events/world-rallycross-championship/season-2022/world-rx-barcelona-catalunya/classifications-r1","Free Practice","6","Gustav BERGSTRÖM
 SWE","Gustav Bergström","Volkswagen RX1e","","-","0:01.155","00:47.803
s1 : 16.9
s2 : 10.5
s3 : 20.2","00:48.106
s1 : 17.1
s2 : 10.5
s3 : 20.4","00:47.698
s1 : 16.8
s2 : 10.5
s3 : 20.3","23:25.002
s1 : 27.9
s2 : 13.6
s3 : 20.2","00:47.332
s1 : 16.3
s2 : 10.6
s3 : 20.3","00:47.493
s1 : 16.6
s2 : 10.5
s3 : 20.3","","",""
"1753924643-120","https://www.fia.com/events/world-rallycross-championship/season-2022/world-rx-barcelona-catalunya/classifications-r1","Free Practice","7","Rene MÜNNICH
 DEU","ALL-INKL.COM Muennich Motorsport","Seat Ibiza RX1e","","-","0:01.320","00:52.721
s1 : 17.7
s2 : 14.0
s3 : 20.9","00:51.828
s1 : 17.3
s2 : 13.8
s3 : 20.6","00:52.064
s1 : 17.6
s2 : 13.9
s3 : 20.4","23:15.140
s1 : 26.1
s2 : 13.4
s3 : 20.6","00:47.923
s1 : 16.5
s2 : 10.7
s3 : 20.6","00:47.497
s1 : 16.2
s2 : 10.6
s3 : 20.6","","",""
"1753924643-121","https://www.fia.com/events/world-rallycross-championship/season-2022/world-rx-barcelona-catalunya/classifications-r1","Free Practice","8","Klara ANDERSSON
 SWE","Construction Equipment Dealer Team","PWR RX1e","","-","0:01.588","00:52.295
s1 : 17.6
s2 : 13.7
s3 : 20.8","00:48.058
s1 : 16.6
s2 : 10.6
s3 : 20.6","00:52.704
s1 : 17.9
s2 : 13.4
s3 : 21.3","23:14.922
s1 : 27.0
s2 : 10.9
s3 : 20.7","00:47.765
s1 : 16.4
s2 : 10.7
s3 : 20.6","00:50.761
s1 : 16.3
s2 : 13.5
s3 : 20.7","","",""
"1753924643-122","https://www.fia.com/events/world-rallycross-championship/season-2022/world-rx-barcelona-catalunya/classifications-r1","Heat 1","1","Johan KRISTOFFERSSON
 SWE","Kristoffersson Motorsport","Volkswagen RX1e","1","4:08.982","","00:56.215
s1 : 25.4
s2 : 10.4
s3 : 20.3","00:47.396
s1 : 16.5
s2 : 10.2
s3 : 20.6","00:50.526
s1 : 16.4
s2 : 13.2
s3 : 20.8","00:47.539
s1 : 16.3
s2 : 10.5
s3 : 20.6","00:47.306
s1 : 16.2
s2 : 10.4
s3 : 20.5","","","","50"
"1753924643-123","https://www.fia.com/events/world-rallycross-championship/season-2022/world-rx-barcelona-catalunya/classifications-r1","Heat 1","2","Timmy HANSEN
 SWE","Hansen World RX Team","Peugeot 208 RX1e","1","4:11.428","0:02.446","00:57.350
s1 : 26.1
s2 : 10.7
s3 : 20.5","00:47.496
s1 : 16.2
s2 : 10.5
s3 : 20.6","00:47.560
s1 : 16.1
s2 : 10.5
s3 : 20.8","00:48.291
s1 : 16.6
s2 : 10.6
s3 : 21.0","00:50.731
s1 : 16.3
s2 : 13.3
s3 : 21.0","","","","45"
"1753924643-124","https://www.fia.com/events/world-rallycross-championship/season-2022/world-rx-barcelona-catalunya/classifications-r1","Heat 1","3","Kevin HANSEN
 SWE","Hansen World RX Team","Peugeot 208 RX1e","1","4:14.189","0:05.207","01:00.929
s1 : 26.4
s2 : 13.2
s3 : 21.2","00:48.635
s1 : 16.3
s2 : 10.6
s3 : 21.6","00:48.422
s1 : 16.8
s2 : 10.5
s3 : 20.9","00:48.051
s1 : 16.5
s2 : 10.5
s3 : 20.9","00:48.152
s1 : 16.4
s2 : 10.5
s3 : 21.1","","","","42"
"1753924643-125","https://www.fia.com/events/world-rallycross-championship/season-2022/world-rx-barcelona-catalunya/classifications-r1","Heat 1","4","Gustav BERGSTRÖM
 SWE","Gustav Bergström","Volkswagen RX1e","1","4:14.631","0:05.649","00:58.440
s1 : 26.6
s2 : 10.6
s3 : 21.1","00:47.688
s1 : 16.3
s2 : 10.5
s3 : 20.7","00:51.041
s1 : 16.3
s2 : 13.9
s3 : 20.8","00:48.662
s1 : 16.7
s2 : 10.5
s3 : 21.3","00:48.800
s1 : 16.8
s2 : 10.7
s3 : 21.1","","","","40"
"1753924643-126","https://www.fia.com/events/world-rallycross-championship/season-2022/world-rx-barcelona-catalunya/classifications-r1","Heat 1","5","Niclas GRÖNHOLM
 FIN","Construction Equipment Dealer Team","PWR RX1e","1","4:15.515","0:06.533","00:57.300
s1 : 25.9
s2 : 10.5
s3 : 20.8","00:52.715
s1 : 16.5
s2 : 14.0
s3 : 22.1","00:48.692
s1 : 16.8
s2 : 10.6
s3 : 21.1","00:48.195
s1 : 16.6
s2 : 10.4
s3 : 21.0","00:48.613
s1 : 16.7
s2 : 10.5
s3 : 21.3","","","","39"
"1753924643-127","https://www.fia.com/events/world-rallycross-championship/season-2022/world-rx-barcelona-catalunya/classifications-r1","Heat 1","6","Klara ANDERSSON
 SWE","Construction Equipment Dealer Team","PWR RX1e","1","4:18.041","0:09.059","00:58.721
s1 : 26.9
s2 : 10.6
s3 : 21.1","00:49.325
s1 : 16.7
s2 : 10.9
s3 : 21.6","00:51.659
s1 : 16.7
s2 : 13.5
s3 : 21.3","00:49.366
s1 : 17.0
s2 : 10.6
s3 : 21.6","00:48.970
s1 : 16.6
s2 : 10.6
s3 : 21.5","","","","38"
"1753924643-128","https://www.fia.com/events/world-rallycross-championship/season-2022/world-rx-barcelona-catalunya/classifications-r1","Heat 1","DNF","Rene MÜNNICH
 DEU","ALL-INKL.COM Muennich Motorsport","Seat Ibiza RX1e","2","-","3 LAP","01:00.393
s1 : 27.3
s2 : 10.8
s3 : 22.1","00:57.614
s1 : 17.9
s2 : 15.9
s3 : 23.6","s1 : 
s2 : 
s3 :","s1 : 
s2 : 
s3 :","s1 : 
s2 : 
s3 :","","","","35"
"1753924643-129","https://www.fia.com/events/world-rallycross-championship/season-2022/world-rx-barcelona-catalunya/classifications-r1","Heat 1","DNS","Ole Christian VEIBY
 NOR","Kristoffersson Motorsport","Volkswagen RX1e","0","-","-","s1 : 
s2 : 
s3 :","s1 : 
s2 : 
s3 :","s1 : 
s2 : 
s3 :","s1 : 
s2 : 
s3 :","s1 : 
s2 : 
s3 :","","","","31"
"1753924643-130","https://www.fia.com/events/world-rallycross-championship/season-2022/world-rx-barcelona-catalunya/classifications-r1","Heat 2","1","Johan KRISTOFFERSSON
 SWE","Kristoffersson Motorsport","Volkswagen RX1e","1","4:10.623","","00:57.280
s1 : 25.8
s2 : 10.3
s3 : 21.0","00:47.706
s1 : 16.5
s2 : 10.3
s3 : 20.7","00:47.510
s1 : 16.4
s2 : 10.4
s3 : 20.6","00:50.336
s1 : 16.5
s2 : 13.0
s3 : 20.7","00:47.791
s1 : 16.6
s2 : 10.4
s3 : 20.7","","","","50"
"1753924643-131","https://www.fia.com/events/world-rallycross-championship/season-2022/world-rx-barcelona-catalunya/classifications-r1","Heat 2","2","Kevin HANSEN
 SWE","Hansen World RX Team","Peugeot 208 RX1e","1","4:13.975","0:03.352","01:00.964
s1 : 26.6
s2 : 13.2
s3 : 21.1","00:48.190
s1 : 16.8
s2 : 10.5
s3 : 20.7","00:48.190
s1 : 16.7
s2 : 10.4
s3 : 20.9","00:48.224
s1 : 16.7
s2 : 10.5
s3 : 20.9","00:48.407
s1 : 16.6
s2 : 10.6
s3 : 21.0","","","","45"
"1753924643-132","https://www.fia.com/events/world-rallycross-championship/season-2022/world-rx-barcelona-catalunya/classifications-r1","Heat 2","3","Timmy HANSEN
 SWE","Hansen World RX Team","Peugeot 208 RX1e","1","4:14.873","0:04.250","00:57.842
s1 : 26.0
s2 : 10.6
s3 : 21.1","00:48.055
s1 : 16.7
s2 : 10.4
s3 : 20.8","00:48.526
s1 : 16.9
s2 : 10.4
s3 : 21.0","00:48.840
s1 : 16.9
s2 : 10.6
s3 : 21.3","00:51.610
s1 : 17.0
s2 : 13.2
s3 : 21.3","","","","42"
"1753924643-133","https://www.fia.com/events/world-rallycross-championship/season-2022/world-rx-barcelona-catalunya/classifications-r1","Heat 2","4","Niclas GRÖNHOLM
 FIN","Construction Equipment Dealer Team","PWR RX1e","1","4:18.866","0:08.243","01:02.813
s1 : 27.6
s2 : 13.6
s3 : 21.4","00:49.209
s1 : 17.2
s2 : 10.7
s3 : 21.2","00:49.107
s1 : 17.1
s2 : 10.6
s3 : 21.2","00:48.803
s1 : 17.0
s2 : 10.5
s3 : 21.1","00:48.934
s1 : 17.1
s2 : 10.5
s3 : 21.2","","","","40"
"1753924643-134","https://www.fia.com/events/world-rallycross-championship/season-2022/world-rx-barcelona-catalunya/classifications-r1","Heat 2","5","Klara ANDERSSON
 SWE","Construction Equipment Dealer Team","PWR RX1e","1","4:19.343","0:08.720","00:59.474
s1 : 27.4
s2 : 10.6
s3 : 21.3","00:48.633
s1 : 17.0
s2 : 10.6
s3 : 20.9","00:49.672
s1 : 16.8
s2 : 10.5
s3 : 22.2","00:49.431
s1 : 17.1
s2 : 10.6
s3 : 21.5","00:52.133
s1 : 16.9
s2 : 13.5
s3 : 21.5","","","","39"
"1753924643-135","https://www.fia.com/events/world-rallycross-championship/season-2022/world-rx-barcelona-catalunya/classifications-r1","Heat 2","6","Gustav BERGSTRÖM
 SWE","Gustav Bergström","Volkswagen RX1e","1","4:21.463","0:10.840","00:59.679
s1 : 27.1
s2 : 10.7
s3 : 21.7","00:49.132
s1 : 17.0
s2 : 10.5
s3 : 21.5","00:50.149
s1 : 17.4
s2 : 10.9
s3 : 21.6","00:52.622
s1 : 17.6
s2 : 13.6
s3 : 21.3","00:49.881
s1 : 17.6
s2 : 11.0
s3 : 21.1","","","","38"
"1753924643-136","https://www.fia.com/events/world-rallycross-championship/season-2022/world-rx-barcelona-catalunya/classifications-r1","Heat 2","DNF","Rene MÜNNICH
 DEU","ALL-INKL.COM Muennich Motorsport","Seat Ibiza RX1e","2","-","3 LAP","01:08.635
s1 : 28.3
s2 : 15.3
s3 : 24.8","00:56.872
s1 : 17.9
s2 : 10.8
s3 : 28.1","s1 : 
s2 : 
s3 :","s1 : 
s2 : 
s3 :","s1 : 
s2 : 
s3 :","","","","35"
"1753924643-137","https://www.fia.com/events/world-rallycross-championship/season-2022/world-rx-barcelona-catalunya/classifications-r1","Heat 2","DNS","Ole Christian VEIBY
 NOR","Kristoffersson Motorsport","Volkswagen RX1e","0","-","-","s1 : 
s2 : 
s3 :","s1 : 
s2 : 
s3 :","s1 : 
s2 : 
s3 :","s1 : 
s2 : 
s3 :","s1 : 
s2 : 
s3 :","","","","31"
"1753924643-138","https://www.fia.com/events/world-rallycross-championship/season-2022/world-rx-barcelona-catalunya/classifications-r1","Progression","1","Kevin HANSEN
 SWE","Hansen World RX Team","Peugeot 208 RX1e","1","4:14.206","","00:57.685
s1 : 26.1
s2 : 10.4
s3 : 21.0","00:47.947
s1 : 16.2
s2 : 10.6
s3 : 21.1","00:48.424
s1 : 16.6
s2 : 10.5
s3 : 21.2","00:51.568
s1 : 16.4
s2 : 13.5
s3 : 21.5","00:48.582
s1 : 16.4
s2 : 10.4
s3 : 21.6","","","",""
"1753924643-139","https://www.fia.com/events/world-rallycross-championship/season-2022/world-rx-barcelona-catalunya/classifications-r1","Progression","2","Johan KRISTOFFERSSON
 SWE","Kristoffersson Motorsport","Volkswagen RX1e","1","4:15.627","","01:01.023
s1 : 26.7
s2 : 13.1
s3 : 21.0","00:50.769
s1 : 16.3
s2 : 10.7
s3 : 23.7","00:48.212
s1 : 16.3
s2 : 10.6
s3 : 21.2","00:47.851
s1 : 16.2
s2 : 10.5
s3 : 21.0","00:47.772
s1 : 16.2
s2 : 10.4
s3 : 21.0","","","",""
"1753924643-140","https://www.fia.com/events/world-rallycross-championship/season-2022/world-rx-barcelona-catalunya/classifications-r1","Progression","3","Timmy HANSEN
 SWE","Hansen World RX Team","Peugeot 208 RX1e","1","4:14.762","0:02.135","00:57.636
s1 : 26.3
s2 : 10.4
s3 : 20.8","00:52.507
s1 : 16.4
s2 : 14.0
s3 : 22.0","00:48.049
s1 : 16.2
s2 : 10.5
s3 : 21.2","00:48.193
s1 : 16.5
s2 : 10.4
s3 : 21.1","00:48.377
s1 : 16.4
s2 : 10.5
s3 : 21.3","","","",""
"1753924643-141","https://www.fia.com/events/world-rallycross-championship/season-2022/world-rx-barcelona-catalunya/classifications-r1","Progression","4","Niclas GRÖNHOLM
 FIN","Construction Equipment Dealer Team","PWR RX1e","1","4:14.839","0:00.633","01:00.154
s1 : 25.7
s2 : 13.2
s3 : 21.2","00:48.122
s1 : 16.2
s2 : 10.5
s3 : 21.3","00:48.258
s1 : 16.3
s2 : 10.5
s3 : 21.3","00:48.175
s1 : 16.2
s2 : 10.7
s3 : 21.1","00:50.130
s1 : 16.4
s2 : 10.6
s3 : 23.0","","","",""
"1753924643-142","https://www.fia.com/events/world-rallycross-championship/season-2022/world-rx-barcelona-catalunya/classifications-r1","Progression","5","Ole Christian VEIBY
 NOR","Kristoffersson Motorsport","Volkswagen RX1e","1","4:16.186","0:01.980","00:57.186
s1 : 25.3
s2 : 10.5
s3 : 21.3","00:48.961
s1 : 16.4
s2 : 10.5
s3 : 22.0","00:48.747
s1 : 16.7
s2 : 10.6
s3 : 21.3","00:48.768
s1 : 16.7
s2 : 10.4
s3 : 21.5","00:52.524
s1 : 17.1
s2 : 13.4
s3 : 21.9","","","",""
"1753924643-143","https://www.fia.com/events/world-rallycross-championship/season-2022/world-rx-barcelona-catalunya/classifications-r1","Progression","6","Gustav BERGSTRÖM
 SWE","Gustav Bergström","Volkswagen RX1e","1","4:18.864","0:03.237","01:02.344
s1 : 27.5
s2 : 13.4
s3 : 21.3","00:49.482
s1 : 16.8
s2 : 10.6
s3 : 21.9","00:49.050
s1 : 17.0
s2 : 10.6
s3 : 21.2","00:49.199
s1 : 16.7
s2 : 10.7
s3 : 21.7","00:48.789
s1 : 16.6
s2 : 10.6
s3 : 21.5","","","",""
"1753924643-144","https://www.fia.com/events/world-rallycross-championship/season-2022/world-rx-barcelona-catalunya/classifications-r1","Progression","7","Klara ANDERSSON
 SWE","Construction Equipment Dealer Team","PWR RX1e","1","4:16.858","0:02.652","01:01.829
s1 : 26.7
s2 : 13.5
s3 : 21.6","00:48.558
s1 : 16.4
s2 : 10.6
s3 : 21.5","00:48.198
s1 : 16.4
s2 : 10.5
s3 : 21.2","00:48.272
s1 : 16.3
s2 : 10.6
s3 : 21.3","00:50.001
s1 : 16.5
s2 : 10.7
s3 : 22.7","","","",""
"1753924643-145","https://www.fia.com/events/world-rallycross-championship/season-2022/world-rx-barcelona-catalunya/classifications-r1","Progression","DNF","Rene MÜNNICH
 DEU","ALL-INKL.COM Muennich Motorsport","Seat Ibiza RX1e","2","-","2 LAP","01:00.737
s1 : 28.0
s2 : 10.8
s3 : 21.8","01:00.096
s1 : 23.8
s2 : 14.8
s3 : 21.3","00:51.482
s1 : 16.6
s2 : 10.7
s3 : 24.1","s1 : 
s2 : 
s3 :","s1 : 
s2 : 
s3 :","","","",""
"1753924643-146","https://www.fia.com/events/world-rallycross-championship/season-2022/world-rx-barcelona-catalunya/classifications-r1","Semi-Final 1","1","Johan KRISTOFFERSSON
 SWE","Kristoffersson Motorsport","Volkswagen RX1e","1","4:11.954","","00:56.844
s1 : 25.3
s2 : 10.4
s3 : 20.9","00:47.541
s1 : 16.3
s2 : 10.3
s3 : 20.8","00:51.155
s1 : 16.5
s2 : 13.2
s3 : 21.3","00:47.945
s1 : 16.3
s2 : 10.5
s3 : 21.0","00:48.469
s1 : 16.2
s2 : 10.4
s3 : 21.7","","","","6"
"1753924643-147","https://www.fia.com/events/world-rallycross-championship/season-2022/world-rx-barcelona-catalunya/classifications-r1","Semi-Final 1","2","Niclas GRÖNHOLM
 FIN","Construction Equipment Dealer Team","PWR RX1e","1","4:14.464","0:02.510","00:58.088
s1 : 26.0
s2 : 10.5
s3 : 21.4","00:48.598
s1 : 16.4
s2 : 10.7
s3 : 21.3","00:51.044
s1 : 16.1
s2 : 13.3
s3 : 21.5","00:48.533
s1 : 16.3
s2 : 10.4
s3 : 21.7","00:48.201
s1 : 16.0
s2 : 10.4
s3 : 21.6","","","","5"
"1753924643-148","https://www.fia.com/events/world-rallycross-championship/season-2022/world-rx-barcelona-catalunya/classifications-r1","Semi-Final 1","3","Gustav BERGSTRÖM
 SWE","Gustav Bergström","Volkswagen RX1e","1","4:17.645","0:05.691","01:01.975
s1 : 26.7
s2 : 13.5
s3 : 21.6","00:48.982
s1 : 16.5
s2 : 10.7
s3 : 21.7","00:49.642
s1 : 17.6
s2 : 10.6
s3 : 21.3","00:48.601
s1 : 16.5
s2 : 10.5
s3 : 21.4","00:48.445
s1 : 16.4
s2 : 10.5
s3 : 21.4","","","","4"
"1753924643-149","https://www.fia.com/events/world-rallycross-championship/season-2022/world-rx-barcelona-catalunya/classifications-r1","Semi-Final 1","4","Klara ANDERSSON
 SWE","Construction Equipment Dealer Team","PWR RX1e","1","4:22.255","0:10.301","01:00.121
s1 : 27.2
s2 : 10.7
s3 : 22.0","00:51.361
s1 : 16.6
s2 : 10.7
s3 : 23.9","00:52.736
s1 : 17.4
s2 : 13.4
s3 : 21.8","00:49.297
s1 : 16.9
s2 : 10.7
s3 : 21.6","00:48.740
s1 : 16.6
s2 : 10.6
s3 : 21.4","","","","3"
"1753924643-150","https://www.fia.com/events/world-rallycross-championship/season-2022/world-rx-barcelona-catalunya/classifications-r1","Semi-Final 2","1","Kevin HANSEN
 SWE","Hansen World RX Team","Peugeot 208 RX1e","1","4:11.419","","00:57.347
s1 : 26.0
s2 : 10.4
s3 : 20.8","00:47.652
s1 : 16.3
s2 : 10.3
s3 : 20.9","00:47.593
s1 : 16.2
s2 : 10.4
s3 : 20.8","00:50.402
s1 : 16.0
s2 : 13.3
s3 : 20.9","00:48.425
s1 : 16.1
s2 : 10.6
s3 : 21.6","","","","6"
"1753924643-151","https://www.fia.com/events/world-rallycross-championship/season-2022/world-rx-barcelona-catalunya/classifications-r1","Semi-Final 2","2","Timmy HANSEN
 SWE","Hansen World RX Team","Peugeot 208 RX1e","1","4:11.909","0:00.490","00:58.287
s1 : 27.0
s2 : 10.5
s3 : 20.7","00:47.200
s1 : 16.1
s2 : 10.4
s3 : 20.6","00:47.647
s1 : 16.2
s2 : 10.5
s3 : 20.9","00:47.329
s1 : 16.1
s2 : 10.4
s3 : 20.6","00:51.446
s1 : 16.1
s2 : 13.2
s3 : 22.0","","","","5"
"1753924643-152","https://www.fia.com/events/world-rallycross-championship/season-2022/world-rx-barcelona-catalunya/classifications-r1","Semi-Final 2","3","Ole Christian VEIBY
 NOR","Kristoffersson Motorsport","Volkswagen RX1e","1","4:13.817","0:02.398","01:01.153
s1 : 26.7
s2 : 13.2
s3 : 21.1","00:47.776
s1 : 16.3
s2 : 10.4
s3 : 21.0","00:48.193
s1 : 16.7
s2 : 10.4
s3 : 21.0","00:48.577
s1 : 16.2
s2 : 11.0
s3 : 21.2","00:48.118
s1 : 16.3
s2 : 10.5
s3 : 21.1","","","","4"
"1753924643-153","https://www.fia.com/events/world-rallycross-championship/season-2022/world-rx-barcelona-catalunya/classifications-r1","Semi-Final 2","4","Rene MÜNNICH
 DEU","ALL-INKL.COM Muennich Motorsport","Seat Ibiza RX1e","1","4:19.606","0:08.187","01:02.985
s1 : 27.5
s2 : 13.8
s3 : 21.5","00:48.780
s1 : 16.6
s2 : 10.7
s3 : 21.3","00:48.841
s1 : 16.6
s2 : 10.7
s3 : 21.3","00:49.148
s1 : 16.6
s2 : 10.8
s3 : 21.6","00:49.852
s1 : 16.8
s2 : 11.2
s3 : 21.7","","","","3"
"1753924643-154","https://www.fia.com/events/world-rallycross-championship/season-2022/world-rx-barcelona-catalunya/classifications-r1","Final","1","Timmy HANSEN
 SWE","Hansen World RX Team","Peugeot 208 RX1e","1","4:10.163","","01:00.167
s1 : 26.3
s2 : 13.1
s3 : 20.6","00:47.119
s1 : 15.9
s2 : 10.4
s3 : 20.7","00:47.231
s1 : 16.0
s2 : 10.4
s3 : 20.7","00:47.558
s1 : 15.9
s2 : 10.5
s3 : 21.0","00:48.088
s1 : 15.9
s2 : 10.5
s3 : 21.6","","","","8"
"1753924643-155","https://www.fia.com/events/world-rallycross-championship/season-2022/world-rx-barcelona-catalunya/classifications-r1","Final","2","Niclas GRÖNHOLM
 FIN","Construction Equipment Dealer Team","PWR RX1e","1","4:10.679","0:00.516","00:57.314
s1 : 25.9
s2 : 10.4
s3 : 20.9","00:47.162
s1 : 15.8
s2 : 10.5
s3 : 20.8","00:47.813
s1 : 16.4
s2 : 10.4
s3 : 20.9","00:47.342
s1 : 15.8
s2 : 10.5
s3 : 20.9","00:51.048
s1 : 15.8
s2 : 13.4
s3 : 21.7","","","","5"
"1753924643-156","https://www.fia.com/events/world-rallycross-championship/season-2022/world-rx-barcelona-catalunya/classifications-r1","Final","3","Gustav BERGSTRÖM
 SWE","Gustav Bergström","Volkswagen RX1e","1","4:14.048","0:03.885","00:58.680
s1 : 26.9
s2 : 10.8
s3 : 20.9","00:50.816
s1 : 16.2
s2 : 13.4
s3 : 21.0","00:47.784
s1 : 16.2
s2 : 10.6
s3 : 20.9","00:47.836
s1 : 15.9
s2 : 10.6
s3 : 21.1","00:48.932
s1 : 16.3
s2 : 10.8
s3 : 21.7","","","","4"
"1753924643-157","https://www.fia.com/events/world-rallycross-championship/season-2022/world-rx-barcelona-catalunya/classifications-r1","Final","4","Kevin HANSEN
 SWE","Hansen World RX Team","Peugeot 208 RX1e","1","4:18.043","0:07.880","01:07.292
s1 : 33.2
s2 : 13.3
s3 : 20.7","00:47.175
s1 : 15.9
s2 : 10.5
s3 : 20.7","00:47.849
s1 : 15.8
s2 : 10.7
s3 : 21.2","00:47.925
s1 : 16.1
s2 : 10.5
s3 : 21.2","00:47.802
s1 : 15.9
s2 : 10.5
s3 : 21.2","","","","3"
"1753924643-158","https://www.fia.com/events/world-rallycross-championship/season-2022/world-rx-barcelona-catalunya/classifications-r1","Final","5","Johan KRISTOFFERSSON
 SWE","Kristoffersson Motorsport","Volkswagen RX1e","1","4:15.087","0:07.924","01:01.073
s1 : 29.9
s2 : 10.5
s3 : 20.5","00:47.168
s1 : 16.0
s2 : 10.4
s3 : 20.6","00:46.958
s1 : 15.9
s2 : 10.3
s3 : 20.6","00:47.421
s1 : 15.7
s2 : 10.5
s3 : 21.1","00:52.467
s1 : 15.8
s2 : 13.9
s3 : 22.6","","","","2"
"1753924646-159","https://www.fia.com/events/world-rallycross-championship/season-2022/world-rx-portugal/r2-classifications","Heat 1","1","Johan KRISTOFFERSSON
 SWE","Kristoffersson Motorsport","Volkswagen RX1e","1","3:32.325","","00:40.657
s1 : 13.2
s2 : 06.5
s3 : 20.8","00:41.480
s1 : 13.5
s2 : 06.6
s3 : 21.3","00:40.966
s1 : 13.4
s2 : 06.6
s3 : 20.8","00:44.626
s1 : 13.4
s2 : 09.9
s3 : 21.2","00:41.174
s1 : 13.4
s2 : 06.7
s3 : 20.9","","","","50"
"1753924646-160","https://www.fia.com/events/world-rallycross-championship/season-2022/world-rx-portugal/r2-classifications","Heat 1","2","Timmy HANSEN
 SWE","Hansen World RX Team","Peugeot 208 RX1e","1","3:34.477","0:02.152","00:45.569
s1 : 14.0
s2 : 10.4
s3 : 21.1","00:41.190
s1 : 13.5
s2 : 06.5
s3 : 21.0","00:41.034
s1 : 13.3
s2 : 06.6
s3 : 21.0","00:41.707
s1 : 13.5
s2 : 06.6
s3 : 21.4","00:41.559
s1 : 13.6
s2 : 06.7
s3 : 21.1","","","","45"
"1753924646-161","https://www.fia.com/events/world-rallycross-championship/season-2022/world-rx-portugal/r2-classifications","Heat 1","3","Ole Christian VEIBY
 NOR","Kristoffersson Motorsport","Volkswagen RX1e","1","3:35.794","0:03.469","00:42.024
s1 : 14.0
s2 : 06.7
s3 : 21.2","00:41.659
s1 : 13.6
s2 : 06.7
s3 : 21.2","00:41.359
s1 : 13.6
s2 : 06.6
s3 : 21.0","00:41.692
s1 : 13.6
s2 : 06.6
s3 : 21.4","00:45.630
s1 : 13.9
s2 : 09.8
s3 : 21.8","","","","42"
"1753924646-162","https://www.fia.com/events/world-rallycross-championship/season-2022/world-rx-portugal/r2-classifications","Heat 1","4","Kevin HANSEN
 SWE","Hansen World RX Team","Peugeot 208 RX1e","1","3:37.098","0:04.773","00:42.586
s1 : 13.8
s2 : 06.7
s3 : 21.9","00:45.666
s1 : 13.6
s2 : 10.2
s3 : 21.7","00:41.821
s1 : 13.4
s2 : 06.5
s3 : 21.7","00:41.771
s1 : 13.5
s2 : 06.5
s3 : 21.6","00:41.821
s1 : 13.6
s2 : 06.7
s3 : 21.3","","","","40"
"1753924646-163","https://www.fia.com/events/world-rallycross-championship/season-2022/world-rx-portugal/r2-classifications","Heat 1","5","Gustav BERGSTRÖM
 SWE","Gustav Bergström","Volkswagen RX1e","1","3:39.080","0:06.755","00:46.395
s1 : 14.4
s2 : 10.2
s3 : 21.6","00:42.427
s1 : 13.6
s2 : 06.7
s3 : 22.0","00:42.520
s1 : 13.6
s2 : 06.7
s3 : 22.1","00:42.433
s1 : 13.7
s2 : 06.7
s3 : 21.9","00:41.890
s1 : 13.4
s2 : 06.7
s3 : 21.6","","","","39"
"1753924646-164","https://www.fia.com/events/world-rallycross-championship/season-2022/world-rx-portugal/r2-classifications","Heat 1","6","Klara ANDERSSON
 SWE","Construction Equipment Dealer Team","PWR RX1e","1","3:40.043","0:07.718","00:43.107
s1 : 14.3
s2 : 06.9
s3 : 21.8","00:42.546
s1 : 13.8
s2 : 06.6
s3 : 22.0","00:42.304
s1 : 13.7
s2 : 06.6
s3 : 21.9","00:42.492
s1 : 13.9
s2 : 06.5
s3 : 21.9","00:46.166
s1 : 13.7
s2 : 10.4
s3 : 21.9","","","","38"
"1753924646-165","https://www.fia.com/events/world-rallycross-championship/season-2022/world-rx-portugal/r2-classifications","Heat 1","7","Rene MÜNNICH
 DEU","ALL-INKL.COM Muennich Motorsport","Seat Ibiza RX1e","1","3:45.153","0:12.828","00:51.440
s1 : 14.6
s2 : 10.5
s3 : 26.2","00:43.071
s1 : 13.5
s2 : 06.9
s3 : 22.6","00:42.107
s1 : 13.6
s2 : 06.7
s3 : 21.7","00:42.369
s1 : 13.5
s2 : 06.8
s3 : 21.9","00:42.639
s1 : 13.9
s2 : 06.7
s3 : 21.9","","","","37"
"1753924646-166","https://www.fia.com/events/world-rallycross-championship/season-2022/world-rx-portugal/r2-classifications","Heat 1","8","Niclas GRÖNHOLM
 FIN","Construction Equipment Dealer Team","PWR RX1e","1","3:54.557","0:22.232","00:41.769
s1 : 13.4
s2 : 06.6
s3 : 21.6","00:41.529
s1 : 13.5
s2 : 06.7
s3 : 21.1","00:43.150
s1 : 13.6
s2 : 06.8
s3 : 22.6","00:52.135
s1 : 16.1
s2 : 11.4
s3 : 24.5","00:52.547
s1 : 16.5
s2 : 08.7
s3 : 27.2","","","","36"
"1753924646-167","https://www.fia.com/events/world-rallycross-championship/season-2022/world-rx-portugal/r2-classifications","Heat 2","1","Johan KRISTOFFERSSON
 SWE","Kristoffersson Motorsport","Volkswagen RX1e","1","3:33.688","","00:41.518
s1 : 13.6
s2 : 06.6
s3 : 21.2","00:41.495
s1 : 13.6
s2 : 06.7
s3 : 21.1","00:41.259
s1 : 13.4
s2 : 06.6
s3 : 21.1","00:41.457
s1 : 13.5
s2 : 06.7
s3 : 21.1","00:44.536
s1 : 13.6
s2 : 09.9
s3 : 20.9","","","","50"
"1753924646-168","https://www.fia.com/events/world-rallycross-championship/season-2022/world-rx-portugal/r2-classifications","Heat 2","2","Kevin HANSEN
 SWE","Hansen World RX Team","Peugeot 208 RX1e","1","3:34.959","0:01.271","00:42.027
s1 : 14.1
s2 : 06.7
s3 : 21.1","00:41.477
s1 : 13.6
s2 : 06.6
s3 : 21.2","00:41.640
s1 : 13.6
s2 : 06.6
s3 : 21.3","00:41.470
s1 : 13.8
s2 : 06.7
s3 : 20.8","00:44.941
s1 : 13.7
s2 : 10.3
s3 : 20.9","","","","45"
"1753924646-169","https://www.fia.com/events/world-rallycross-championship/season-2022/world-rx-portugal/r2-classifications","Heat 2","3","Timmy HANSEN
 SWE","Hansen World RX Team","Peugeot 208 RX1e","1","3:35.228","0:01.540","00:41.414
s1 : 13.4
s2 : 06.7
s3 : 21.2","00:41.995
s1 : 13.5
s2 : 06.6
s3 : 21.7","00:41.473
s1 : 13.4
s2 : 06.6
s3 : 21.3","00:41.498
s1 : 13.3
s2 : 06.7
s3 : 21.4","00:45.461
s1 : 13.5
s2 : 10.6
s3 : 21.2","","","","42"
"1753924646-170","https://www.fia.com/events/world-rallycross-championship/season-2022/world-rx-portugal/r2-classifications","Heat 2","4","Ole Christian VEIBY
 NOR","Kristoffersson Motorsport","Volkswagen RX1e","1","3:38.689","0:05.001","00:42.416
s1 : 13.7
s2 : 06.9
s3 : 21.7","00:42.441
s1 : 13.8
s2 : 06.5
s3 : 21.9","00:42.189
s1 : 13.7
s2 : 06.6
s3 : 21.7","00:42.205
s1 : 13.6
s2 : 06.7
s3 : 21.7","00:46.075
s1 : 13.6
s2 : 10.1
s3 : 22.2","","","","40"
"1753924646-171","https://www.fia.com/events/world-rallycross-championship/season-2022/world-rx-portugal/r2-classifications","Heat 2","5","Niclas GRÖNHOLM
 FIN","Construction Equipment Dealer Team","PWR RX1e","1","3:39.130","0:05.442","00:42.853
s1 : 14.1
s2 : 06.8
s3 : 21.8","00:42.488
s1 : 13.9
s2 : 06.7
s3 : 21.7","00:45.398
s1 : 13.8
s2 : 10.2
s3 : 21.3","00:41.914
s1 : 13.7
s2 : 06.8
s3 : 21.3","00:43.065
s1 : 13.6
s2 : 06.8
s3 : 22.5","","","","39"
"1753924646-172","https://www.fia.com/events/world-rallycross-championship/season-2022/world-rx-portugal/r2-classifications","Heat 2","6","Gustav BERGSTRÖM
 SWE","Gustav Bergström","Volkswagen RX1e","1","3:40.204","0:06.516","00:46.335
s1 : 14.0
s2 : 10.1
s3 : 22.1","00:43.261
s1 : 13.5
s2 : 06.9
s3 : 22.7","00:42.262
s1 : 13.5
s2 : 06.7
s3 : 22.0","00:42.584
s1 : 13.6
s2 : 07.0
s3 : 21.8","00:42.325
s1 : 13.6
s2 : 06.8
s3 : 21.8","","","","38"
"1753924646-173","https://www.fia.com/events/world-rallycross-championship/season-2022/world-rx-portugal/r2-classifications","Heat 2","7","Klara ANDERSSON
 SWE","Construction Equipment Dealer Team","PWR RX1e","1","3:40.554","0:06.866","00:43.110
s1 : 14.4
s2 : 06.8
s3 : 21.7","00:42.816
s1 : 14.3
s2 : 06.7
s3 : 21.7","00:42.572
s1 : 13.7
s2 : 06.7
s3 : 22.0","00:42.498
s1 : 13.9
s2 : 06.6
s3 : 21.9","00:46.143
s1 : 13.8
s2 : 10.7
s3 : 21.5","","","","37"
"1753924646-174","https://www.fia.com/events/world-rallycross-championship/season-2022/world-rx-portugal/r2-classifications","Heat 2","8","Rene MÜNNICH
 DEU","ALL-INKL.COM Muennich Motorsport","Seat Ibiza RX1e","1","3:43.172","0:09.484","00:47.500
s1 : 14.9
s2 : 10.4
s3 : 22.0","00:42.930
s1 : 14.1
s2 : 06.6
s3 : 22.1","00:42.704
s1 : 13.8
s2 : 06.9
s3 : 21.8","00:43.859
s1 : 14.1
s2 : 07.1
s3 : 22.5","00:42.604
s1 : 13.8
s2 : 06.9
s3 : 21.7","","","","36"
"1753924646-175","https://www.fia.com/events/world-rallycross-championship/season-2022/world-rx-portugal/r2-classifications","Warm up","1","Niclas GRÖNHOLM
 FIN","Construction Equipment Dealer Team","PWR RX1e","","-","","00:45.211
s1 : 13.5
s2 : 10.5
s3 : 21.1","00:41.120
s1 : 13.4
s2 : 06.6
s3 : 21.0","","","","","","",""
"1753924646-176","https://www.fia.com/events/world-rallycross-championship/season-2022/world-rx-portugal/r2-classifications","Warm up","2","Kevin HANSEN
 SWE","Hansen World RX Team","Peugeot 208 RX1e","","-","0:00.336","00:41.456
s1 : 13.4
s2 : 06.6
s3 : 21.3","s1 : 
s2 : 
s3 :","","","","","","",""
"1753924646-177","https://www.fia.com/events/world-rallycross-championship/season-2022/world-rx-portugal/r2-classifications","Warm up","3","Gustav BERGSTRÖM
 SWE","Gustav Bergström","Volkswagen RX1e","","-","0:01.151","00:46.300
s1 : 13.8
s2 : 10.3
s3 : 22.1","00:42.271
s1 : 13.4
s2 : 06.6
s3 : 22.1","","","","","","",""
"1753924646-178","https://www.fia.com/events/world-rallycross-championship/season-2022/world-rx-portugal/r2-classifications","Warm up","4","Klara ANDERSSON
 SWE","Construction Equipment Dealer Team","PWR RX1e","","-","0:01.288","00:47.856
s1 : 14.2
s2 : 11.1
s3 : 22.4","00:42.408
s1 : 13.7
s2 : 06.6
s3 : 21.9","","","","","","",""
"1753924646-179","https://www.fia.com/events/world-rallycross-championship/season-2022/world-rx-portugal/r2-classifications","Warm up","5","Ole Christian VEIBY
 NOR","Kristoffersson Motorsport","Volkswagen RX1e","","-","0:02.830","00:43.950
s1 : 13.3
s2 : 06.6
s3 : 23.8","s1 : 
s2 : 
s3 :","","","","","","",""
"1753924646-180","https://www.fia.com/events/world-rallycross-championship/season-2022/world-rx-portugal/r2-classifications","Warm up","6","Johan KRISTOFFERSSON
 SWE","Kristoffersson Motorsport","Volkswagen RX1e","","-","0:03.547","00:44.667
s1 : 13.3
s2 : 10.3
s3 : 20.9","s1 : 
s2 : 
s3 :","","","","","","",""
"1753924646-181","https://www.fia.com/events/world-rallycross-championship/season-2022/world-rx-portugal/r2-classifications","Warm up","7","Timmy HANSEN
 SWE","Hansen World RX Team","Peugeot 208 RX1e","","-","0:04.526","00:45.646
s1 : 13.3
s2 : 10.6
s3 : 21.5","s1 : 
s2 : 
s3 :","","","","","","",""
"1753924646-182","https://www.fia.com/events/world-rallycross-championship/season-2022/world-rx-portugal/r2-classifications","Warm up","8","Rene MÜNNICH
 DEU","ALL-INKL.COM Muennich Motorsport","Seat Ibiza RX1e","","-","0:04.620","00:45.740
s1 : 13.8
s2 : 10.4
s3 : 21.5","00:50.104
s1 : 14.4
s2 : 13.5
s3 : 22.0","","","","","","",""
"1753924646-183","https://www.fia.com/events/world-rallycross-championship/season-2022/world-rx-portugal/r2-classifications","Progression","1","Timmy HANSEN
 SWE","Hansen World RX Team","Peugeot 208 RX1e","1","3:36.040","","00:41.527
s1 : 13.2
s2 : 06.6
s3 : 21.5","00:41.754
s1 : 13.5
s2 : 06.6
s3 : 21.6","00:41.843
s1 : 13.4
s2 : 06.7
s3 : 21.6","00:41.589
s1 : 13.6
s2 : 06.7
s3 : 21.2","00:45.923
s1 : 13.8
s2 : 10.2
s3 : 21.8","","","",""
"1753924646-184","https://www.fia.com/events/world-rallycross-championship/season-2022/world-rx-portugal/r2-classifications","Progression","2","Kevin HANSEN
 SWE","Hansen World RX Team","Peugeot 208 RX1e","1","3:42.457","0:02.018","00:43.297
s1 : 13.9
s2 : 06.6
s3 : 22.7","00:42.938
s1 : 13.4
s2 : 06.6
s3 : 22.7","00:42.649
s1 : 13.6
s2 : 06.7
s3 : 22.2","00:42.545
s1 : 13.7
s2 : 06.6
s3 : 22.1","00:47.616
s1 : 13.7
s2 : 10.5
s3 : 23.3","","","",""
"1753924646-185","https://www.fia.com/events/world-rallycross-championship/season-2022/world-rx-portugal/r2-classifications","Progression","3","Johan KRISTOFFERSSON
 SWE","Kristoffersson Motorsport","Volkswagen RX1e","1","3:42.807","0:00.350","00:42.868
s1 : 13.6
s2 : 06.6
s3 : 22.6","00:43.822
s1 : 13.5
s2 : 06.6
s3 : 23.6","00:42.570
s1 : 13.6
s2 : 06.7
s3 : 22.1","00:46.140
s1 : 13.8
s2 : 10.1
s3 : 22.1","00:43.951
s1 : 13.3
s2 : 06.5
s3 : 24.0","","","",""
"1753924646-186","https://www.fia.com/events/world-rallycross-championship/season-2022/world-rx-portugal/r2-classifications","Progression","4","Niclas GRÖNHOLM
 FIN","Construction Equipment Dealer Team","PWR RX1e","1","3:36.636","0:00.596","00:42.008
s1 : 13.6
s2 : 06.9
s3 : 21.4","00:42.135
s1 : 13.5
s2 : 06.7
s3 : 21.7","00:44.565
s1 : 13.6
s2 : 09.9
s3 : 20.9","00:41.335
s1 : 13.5
s2 : 06.8
s3 : 20.9","00:43.236
s1 : 13.6
s2 : 08.1
s3 : 21.4","","","",""
"1753924646-187","https://www.fia.com/events/world-rallycross-championship/season-2022/world-rx-portugal/r2-classifications","Progression","5","Klara ANDERSSON
 SWE","Construction Equipment Dealer Team","PWR RX1e","1","3:46.983","0:04.526","00:44.420
s1 : 14.2
s2 : 06.8
s3 : 23.2","00:43.740
s1 : 14.0
s2 : 06.7
s3 : 22.9","00:43.359
s1 : 13.9
s2 : 06.7
s3 : 22.6","00:43.732
s1 : 13.6
s2 : 06.7
s3 : 23.3","00:48.339
s1 : 14.7
s2 : 10.7
s3 : 22.8","","","",""
"1753924646-188","https://www.fia.com/events/world-rallycross-championship/season-2022/world-rx-portugal/r2-classifications","Progression","6","Ole Christian VEIBY
 NOR","Kristoffersson Motorsport","Volkswagen RX1e","1","3:38.907","0:02.867","00:45.856
s1 : 13.9
s2 : 10.1
s3 : 21.7","00:42.150
s1 : 13.7
s2 : 06.7
s3 : 21.6","00:42.742
s1 : 13.7
s2 : 06.7
s3 : 22.2","00:42.626
s1 : 13.6
s2 : 06.8
s3 : 22.1","00:42.150
s1 : 13.5
s2 : 06.8
s3 : 21.7","","","",""
"1753924646-189","https://www.fia.com/events/world-rallycross-championship/season-2022/world-rx-portugal/r2-classifications","Progression","7","Rene MÜNNICH
 DEU","ALL-INKL.COM Muennich Motorsport","Seat Ibiza RX1e","1","3:51.911","0:15.871","00:47.066
s1 : 14.2
s2 : 10.6
s3 : 22.1","00:52.735
s1 : 14.0
s2 : 06.7
s3 : 31.9","00:42.755
s1 : 13.9
s2 : 06.7
s3 : 22.0","00:42.546
s1 : 13.8
s2 : 06.7
s3 : 21.8","00:43.273
s1 : 14.3
s2 : 07.0
s3 : 21.9","","","",""
"1753924646-190","https://www.fia.com/events/world-rallycross-championship/season-2022/world-rx-portugal/r2-classifications","Progression","DNS","Gustav BERGSTRÖM
 SWE","Gustav Bergström","Volkswagen RX1e","0","-","-","00:42.167
s1 : 13.9
s2 : 06.8
s3 : 21.3","00:41.866
s1 : 13.4
s2 : 07.1
s3 : 21.2","00:41.775
s1 : 13.5
s2 : 06.8
s3 : 21.3","00:41.632
s1 : 13.3
s2 : 06.8
s3 : 21.3","00:45.322
s1 : 13.6
s2 : 10.5
s3 : 21.1","","","",""
"1753924646-191","https://www.fia.com/events/world-rallycross-championship/season-2022/world-rx-portugal/r2-classifications","Semi-Final 1","1","Ole Christian VEIBY
 NOR","Kristoffersson Motorsport","Volkswagen RX1e","1","3:35.781","","00:41.367
s1 : 13.5
s2 : 06.5
s3 : 21.2","00:41.632
s1 : 13.5
s2 : 06.6
s3 : 21.4","00:41.589
s1 : 13.3
s2 : 06.7
s3 : 21.5","00:41.960
s1 : 13.6
s2 : 06.6
s3 : 21.6","00:45.817
s1 : 13.7
s2 : 10.1
s3 : 21.8","","","","6"
"1753924646-192","https://www.fia.com/events/world-rallycross-championship/season-2022/world-rx-portugal/r2-classifications","Semi-Final 1","2","Niclas GRÖNHOLM
 FIN","Construction Equipment Dealer Team","PWR RX1e","1","3:42.578","0:07.931","00:43.907
s1 : 14.3
s2 : 07.0
s3 : 22.4","00:42.955
s1 : 13.9
s2 : 06.9
s3 : 22.0","00:42.942
s1 : 13.7
s2 : 06.9
s3 : 22.2","00:46.421
s1 : 13.8
s2 : 10.2
s3 : 22.3","00:42.909
s1 : 13.7
s2 : 06.9
s3 : 22.2","","","","6"
"1753924646-193","https://www.fia.com/events/world-rallycross-championship/season-2022/world-rx-portugal/r2-classifications","Semi-Final 1","3","Gustav BERGSTRÖM
 SWE","Gustav Bergström","Volkswagen RX1e","1","3:38.321","0:02.540","00:46.035
s1 : 14.3
s2 : 10.1
s3 : 21.5","00:42.284
s1 : 13.7
s2 : 06.7
s3 : 21.7","00:42.300
s1 : 13.5
s2 : 06.8
s3 : 21.8","00:42.268
s1 : 13.8
s2 : 06.8
s3 : 21.6","00:41.995
s1 : 13.6
s2 : 06.7
s3 : 21.5","","","","5"
"1753924646-194","https://www.fia.com/events/world-rallycross-championship/season-2022/world-rx-portugal/r2-classifications","Semi-Final 1","4","Klara ANDERSSON
 SWE","Construction Equipment Dealer Team","PWR RX1e","1","3:44.923","0:02.345","00:43.593
s1 : 14.2
s2 : 06.7
s3 : 22.6","00:48.025
s1 : 13.9
s2 : 10.7
s3 : 23.3","00:43.412
s1 : 13.7
s2 : 07.1
s3 : 22.5","00:43.212
s1 : 13.8
s2 : 06.8
s3 : 22.5","00:43.256
s1 : 14.0
s2 : 06.8
s3 : 22.4","","","","5"
"1753924646-195","https://www.fia.com/events/world-rallycross-championship/season-2022/world-rx-portugal/r2-classifications","Semi-Final 1","5","Rene MÜNNICH
 DEU","ALL-INKL.COM Muennich Motorsport","Seat Ibiza RX1e","1","3:45.727","0:03.149","00:48.001
s1 : 15.1
s2 : 10.3
s3 : 22.5","00:44.227
s1 : 13.8
s2 : 07.2
s3 : 23.1","00:43.619
s1 : 13.9
s2 : 06.8
s3 : 22.7","00:43.368
s1 : 13.9
s2 : 06.7
s3 : 22.7","00:42.997
s1 : 13.9
s2 : 06.7
s3 : 22.2","","","","4"
"1753924646-196","https://www.fia.com/events/world-rallycross-championship/season-2022/world-rx-portugal/r2-classifications","Semi-Final 1","DNF","Kevin HANSEN
 SWE","Hansen World RX Team","Peugeot 208 RX1e","0","-","+5 LAP","s1 : 
s2 : 
s3 :","s1 : 
s2 : 
s3 :","s1 : 
s2 : 
s3 :","s1 : 
s2 : 
s3 :","s1 : 
s2 : 
s3 :","","","","3"
"1753924646-197","https://www.fia.com/events/world-rallycross-championship/season-2022/world-rx-portugal/r2-classifications","Semi-Final 2","1","Johan KRISTOFFERSSON
 SWE","Kristoffersson Motorsport","Volkswagen RX1e","1","3:33.712","","00:42.205
s1 : 13.8
s2 : 06.8
s3 : 21.4","00:41.347
s1 : 13.6
s2 : 06.6
s3 : 21.1","00:40.992
s1 : 13.5
s2 : 06.6
s3 : 20.7","00:41.137
s1 : 13.5
s2 : 06.6
s3 : 20.9","00:44.660
s1 : 13.7
s2 : 09.8
s3 : 21.1","","","","6"
"1753924646-198","https://www.fia.com/events/world-rallycross-championship/season-2022/world-rx-portugal/r2-classifications","Semi-Final 2","2","Ole Christian VEIBY
 NOR","Kristoffersson Motorsport","Volkswagen RX1e","1","3:36.552","0:02.840","00:45.885
s1 : 14.3
s2 : 09.9
s3 : 21.5","00:41.590
s1 : 13.5
s2 : 06.5
s3 : 21.4","00:42.170
s1 : 13.6
s2 : 06.8
s3 : 21.6","00:41.217
s1 : 13.4
s2 : 06.7
s3 : 21.0","00:42.335
s1 : 13.7
s2 : 06.6
s3 : 21.8","","","","5"
"1753924646-199","https://www.fia.com/events/world-rallycross-championship/season-2022/world-rx-portugal/r2-classifications","Semi-Final 2","3","Timmy HANSEN
 SWE","Hansen World RX Team","Peugeot 208 RX1e","1","3:47.223","0:13.511","00:42.785
s1 : 14.0
s2 : 07.0
s3 : 21.6","00:41.572
s1 : 13.6
s2 : 06.6
s3 : 21.3","00:41.341
s1 : 13.4
s2 : 06.7
s3 : 21.1","00:41.634
s1 : 13.5
s2 : 06.7
s3 : 21.2","00:56.552
s1 : 13.7
s2 : 20.0
s3 : 22.8","","","","4"
"1753924646-200","https://www.fia.com/events/world-rallycross-championship/season-2022/world-rx-portugal/r2-classifications","Semi-Final 2","4","Kevin HANSEN
 SWE","Hansen World RX Team","Peugeot 208 RX1e","1","3:36.616","0:02.626","00:41.844
s1 : 13.4
s2 : 06.6
s3 : 21.8","00:45.568
s1 : 13.6
s2 : 10.3
s3 : 21.5","00:41.582
s1 : 13.6
s2 : 06.6
s3 : 21.2","00:41.639
s1 : 13.6
s2 : 06.6
s3 : 21.3","00:42.552
s1 : 13.6
s2 : 06.9
s3 : 21.9","","","","4"
"1753924646-201","https://www.fia.com/events/world-rallycross-championship/season-2022/world-rx-portugal/r2-classifications","Semi-Final 2","5","Rene MÜNNICH
 DEU","ALL-INKL.COM Muennich Motorsport","Seat Ibiza RX1e","1","3:41.682","0:07.692","00:47.555
s1 : 14.7
s2 : 10.6
s3 : 22.1","00:42.545
s1 : 13.7
s2 : 06.5
s3 : 22.1","00:42.385
s1 : 13.7
s2 : 06.6
s3 : 22.0","00:42.801
s1 : 13.9
s2 : 06.8
s3 : 22.0","00:42.951
s1 : 13.6
s2 : 06.8
s3 : 22.4","","","","3"
"1753924646-202","https://www.fia.com/events/world-rallycross-championship/season-2022/world-rx-portugal/r2-classifications","Final","1","Niclas GRÖNHOLM
 FIN","Construction Equipment Dealer Team","PWR RX1e","1","3:37.355","","00:45.994
s1 : 13.9
s2 : 10.0
s3 : 21.9","00:41.986
s1 : 13.6
s2 : 06.7
s3 : 21.5","00:41.565
s1 : 13.7
s2 : 06.7
s3 : 21.1","00:41.727
s1 : 13.5
s2 : 06.7
s3 : 21.4","00:42.656
s1 : 13.7
s2 : 06.7
s3 : 22.1","","","","8"
"1753924646-203","https://www.fia.com/events/world-rallycross-championship/season-2022/world-rx-portugal/r2-classifications","Final","2","Ole Christian VEIBY
 NOR","Kristoffersson Motorsport","Volkswagen RX1e","1","3:40.208","0:02.853","00:47.202
s1 : 14.5
s2 : 10.0
s3 : 22.6","00:42.735
s1 : 13.7
s2 : 06.8
s3 : 22.1","00:42.476
s1 : 13.4
s2 : 06.8
s3 : 22.1","00:42.085
s1 : 13.5
s2 : 06.7
s3 : 21.7","00:42.327
s1 : 13.6
s2 : 06.7
s3 : 21.9","","","","5"
"1753924646-204","https://www.fia.com/events/world-rallycross-championship/season-2022/world-rx-portugal/r2-classifications","Final","3","Klara ANDERSSON
 SWE","Construction Equipment Dealer Team","PWR RX1e","1","3:41.767","0:04.412","00:43.826
s1 : 14.3
s2 : 06.6
s3 : 22.8","00:42.825
s1 : 13.7
s2 : 06.8
s3 : 22.1","00:46.540
s1 : 13.9
s2 : 10.1
s3 : 22.3","00:42.371
s1 : 13.7
s2 : 06.6
s3 : 21.9","00:42.840
s1 : 13.6
s2 : 06.6
s3 : 22.5","","","","4"
"1753924646-205","https://www.fia.com/events/world-rallycross-championship/season-2022/world-rx-portugal/r2-classifications","Final","4","Timmy HANSEN
 SWE","Hansen World RX Team","Peugeot 208 RX1e","1","3:42.176","0:04.821","00:42.529
s1 : 13.4
s2 : 06.6
s3 : 22.4","00:49.705
s1 : 17.5
s2 : 10.4
s3 : 21.7","00:41.918
s1 : 13.5
s2 : 06.7
s3 : 21.5","00:41.842
s1 : 13.6
s2 : 06.7
s3 : 21.4","00:42.815
s1 : 13.5
s2 : 06.8
s3 : 22.4","","","","3"
"1753924646-206","https://www.fia.com/events/world-rallycross-championship/season-2022/world-rx-portugal/r2-classifications","Final","5","Kevin HANSEN
 SWE","Hansen World RX Team","Peugeot 208 RX1e","1","3:37.187","0:02.874","00:42.547
s1 : 14.0
s2 : 06.9
s3 : 21.5","00:42.043
s1 : 13.7
s2 : 06.6
s3 : 21.5","00:41.871
s1 : 13.6
s2 : 06.7
s3 : 21.4","00:41.625
s1 : 13.6
s2 : 06.6
s3 : 21.3","00:45.719
s1 : 13.9
s2 : 10.3
s3 : 21.3","","","","3"
"1753924646-207","https://www.fia.com/events/world-rallycross-championship/season-2022/world-rx-portugal/r2-classifications","Final","6","Johan KRISTOFFERSSON
 SWE","Kristoffersson Motorsport","Volkswagen RX1e","1","3:36.596","0:09.241","00:42.741
s1 : 13.6
s2 : 06.7
s3 : 22.3","00:42.344
s1 : 14.0
s2 : 06.6
s3 : 21.6","00:41.562
s1 : 13.6
s2 : 06.5
s3 : 21.2","00:41.232
s1 : 13.7
s2 : 06.6
s3 : 20.8","00:45.323
s1 : 13.8
s2 : 09.5
s3 : 21.9","","","","2"
"1753924646-208","https://www.fia.com/events/world-rallycross-championship/season-2022/world-rx-portugal/r2-classifications","Final","7","Gustav BERGSTRÖM
 SWE","Gustav Bergström","Volkswagen RX1e","1","3:40.986","0:06.673","00:45.994
s1 : 14.1
s2 : 10.1
s3 : 21.6","00:41.632
s1 : 13.4
s2 : 06.8
s3 : 21.3","00:43.518
s1 : 13.9
s2 : 06.6
s3 : 22.8","00:42.971
s1 : 13.9
s2 : 06.8
s3 : 22.1","00:43.441
s1 : 14.0
s2 : 07.1
s3 : 22.1","","","","2"
"1753924649-209","https://www.fia.com/events/world-rallycross-championship/season-2022/world-rx-portugal/r1-classifications","Free Practice","1","Johan KRISTOFFERSSON
 SWE","Kristoffersson Motorsport","Volkswagen RX1e","","-","","00:46.006
s1 : 13.5
s2 : 10.7
s3 : 21.6","00:45.524
s1 : 13.8
s2 : 10.2
s3 : 21.3","00:44.939
s1 : 13.6
s2 : 10.1
s3 : 21.2","00:41.536
s1 : 13.5
s2 : 06.5
s3 : 21.3","38:54.680
s1 : 00.0
s2 : 00.0
s3 : 00.0","00:44.815
s1 : 13.3
s2 : 10.1
s3 : 21.3","00:45.282
s1 : 13.5
s2 : 10.6
s3 : 21.1","00:41.369
s1 : 13.5
s2 : 06.6
s3 : 21.1",""
"1753924649-210","https://www.fia.com/events/world-rallycross-championship/season-2022/world-rx-portugal/r1-classifications","Free Practice","2","Niclas GRÖNHOLM
 FIN","Construction Equipment Dealer Team","PWR RX1e","","-","0:00.186","00:46.506
s1 : 13.8
s2 : 10.6
s3 : 22.0","00:42.070
s1 : 13.4
s2 : 06.9
s3 : 21.6","00:42.184
s1 : 13.7
s2 : 06.8
s3 : 21.5","00:42.118
s1 : 13.6
s2 : 06.7
s3 : 21.7","39:20.884
s1 : 00.0
s2 : 00.0
s3 : 00.0","00:46.265
s1 : 13.5
s2 : 10.4
s3 : 22.3","00:42.035
s1 : 13.5
s2 : 06.7
s3 : 21.7","00:41.670
s1 : 13.5
s2 : 06.6
s3 : 21.5",""
"1753924649-211","https://www.fia.com/events/world-rallycross-championship/season-2022/world-rx-portugal/r1-classifications","Free Practice","3","Timmy HANSEN
 SWE","Hansen World RX Team","Peugeot 208 RX1e","","-","0:00.209","00:47.018
s1 : 13.8
s2 : 10.7
s3 : 22.3","00:42.742
s1 : 13.5
s2 : 06.6
s3 : 22.5","00:43.015
s1 : 13.5
s2 : 06.5
s3 : 22.8","00:42.123
s1 : 13.7
s2 : 06.5
s3 : 21.7","39:07.476
s1 : 00.0
s2 : 00.0
s3 : 00.0","00:46.224
s1 : 13.5
s2 : 10.6
s3 : 21.9","00:41.925
s1 : 13.8
s2 : 06.7
s3 : 21.3","00:41.578
s1 : 13.4
s2 : 06.5
s3 : 21.6",""
"1753924649-212","https://www.fia.com/events/world-rallycross-championship/season-2022/world-rx-portugal/r1-classifications","Free Practice","4","Ole Christian VEIBY
 NOR","Kristoffersson Motorsport","Volkswagen RX1e","","-","0:00.244","00:46.598
s1 : 13.6
s2 : 10.9
s3 : 21.9","00:45.394
s1 : 13.8
s2 : 10.3
s3 : 21.2","00:43.031
s1 : 13.8
s2 : 06.6
s3 : 22.5","00:42.062
s1 : 13.5
s2 : 06.7
s3 : 21.8","38:56.469
s1 : 00.0
s2 : 00.0
s3 : 00.0","00:45.619
s1 : 13.6
s2 : 10.3
s3 : 21.5","00:42.072
s1 : 13.5
s2 : 06.6
s3 : 21.8","00:41.613
s1 : 13.5
s2 : 06.7
s3 : 21.3",""
"1753924649-213","https://www.fia.com/events/world-rallycross-championship/season-2022/world-rx-portugal/r1-classifications","Free Practice","5","Kevin HANSEN
 SWE","Hansen World RX Team","Peugeot 208 RX1e","","-","0:00.372","00:47.156
s1 : 13.8
s2 : 11.0
s3 : 22.2","00:46.461
s1 : 13.9
s2 : 10.7
s3 : 21.7","00:42.608
s1 : 13.7
s2 : 06.8
s3 : 22.0","00:42.518
s1 : 14.0
s2 : 06.7
s3 : 21.7","38:45.035
s1 : 00.0
s2 : 00.0
s3 : 00.0","00:54.086
s1 : 14.0
s2 : 10.5
s3 : 29.5","00:46.334
s1 : 13.9
s2 : 10.6
s3 : 21.6","00:45.860
s1 : 13.9
s2 : 10.4
s3 : 21.4",""
"1753924649-214","https://www.fia.com/events/world-rallycross-championship/season-2022/world-rx-portugal/r1-classifications","Free Practice","6","Gustav BERGSTRÖM
 SWE","Gustav Bergström","Volkswagen RX1e","","-","0:00.602","00:46.720
s1 : 13.8
s2 : 10.7
s3 : 22.0","00:46.104
s1 : 13.6
s2 : 10.3
s3 : 22.1","00:43.638
s1 : 13.9
s2 : 06.8
s3 : 22.9","00:42.633
s1 : 13.4
s2 : 06.7
s3 : 22.3","39:13.883
s1 : 00.0
s2 : 00.0
s3 : 00.0","00:46.730
s1 : 13.6
s2 : 10.3
s3 : 22.8","00:46.289
s1 : 13.6
s2 : 10.3
s3 : 22.3","00:42.282
s1 : 13.5
s2 : 06.7
s3 : 21.9",""
"1753924649-215","https://www.fia.com/events/world-rallycross-championship/season-2022/world-rx-portugal/r1-classifications","Free Practice","7","Klara ANDERSSON
 SWE","Construction Equipment Dealer Team","PWR RX1e","","-","0:01.399","00:44.342
s1 : 13.8
s2 : 07.2
s3 : 23.2","00:43.996
s1 : 13.7
s2 : 06.9
s3 : 23.2","00:43.307
s1 : 13.8
s2 : 07.0
s3 : 22.4","00:43.040
s1 : 13.6
s2 : 06.9
s3 : 22.4","39:20.009
s1 : 00.0
s2 : 00.0
s3 : 00.0","00:48.011
s1 : 13.8
s2 : 11.0
s3 : 23.2","00:43.332
s1 : 13.8
s2 : 07.0
s3 : 22.5","00:42.768
s1 : 13.5
s2 : 06.9
s3 : 22.2",""
"1753924649-216","https://www.fia.com/events/world-rallycross-championship/season-2022/world-rx-portugal/r1-classifications","Free Practice","8","Rene MÜNNICH
 DEU","ALL-INKL.COM Muennich Motorsport","Seat Ibiza RX1e","","-","0:01.576","00:43.958
s1 : 13.6
s2 : 07.0
s3 : 23.3","00:48.009
s1 : 14.1
s2 : 10.7
s3 : 23.1","00:44.063
s1 : 13.7
s2 : 06.9
s3 : 23.3","00:43.914
s1 : 13.7
s2 : 06.8
s3 : 23.3","39:17.852
s1 : 00.0
s2 : 00.0
s3 : 00.0","00:42.945
s1 : 13.6
s2 : 06.6
s3 : 22.6","00:46.189
s1 : 13.8
s2 : 08.3
s3 : 23.9","00:42.998
s1 : 13.6
s2 : 06.5
s3 : 22.7",""
"1753924649-217","https://www.fia.com/events/world-rallycross-championship/season-2022/world-rx-portugal/r1-classifications","Heat 1","1","Johan KRISTOFFERSSON
 SWE","Kristoffersson Motorsport","Volkswagen RX1e","1","3:33.055","","00:41.495
s1 : 13.5
s2 : 06.6
s3 : 21.2","00:41.256
s1 : 13.6
s2 : 06.5
s3 : 21.0","00:41.049
s1 : 13.5
s2 : 06.5
s3 : 20.9","00:41.332
s1 : 13.6
s2 : 06.6
s3 : 21.0","00:44.463
s1 : 13.7
s2 : 10.0
s3 : 20.7","","","","50"
"1753924649-218","https://www.fia.com/events/world-rallycross-championship/season-2022/world-rx-portugal/r1-classifications","Heat 1","2","Ole Christian VEIBY
 NOR","Kristoffersson Motorsport","Volkswagen RX1e","1","3:36.298","0:03.243","00:41.896
s1 : 13.6
s2 : 06.9
s3 : 21.2","00:41.493
s1 : 13.5
s2 : 06.6
s3 : 21.3","00:41.681
s1 : 13.6
s2 : 06.7
s3 : 21.2","00:41.566
s1 : 13.8
s2 : 06.6
s3 : 21.1","00:46.169
s1 : 13.7
s2 : 09.8
s3 : 22.4","","","","45"
"1753924649-219","https://www.fia.com/events/world-rallycross-championship/season-2022/world-rx-portugal/r1-classifications","Heat 1","3","Timmy HANSEN
 SWE","Hansen World RX Team","Peugeot 208 RX1e","1","3:36.401","0:03.346","00:41.843
s1 : 13.4
s2 : 06.6
s3 : 21.7","00:42.165
s1 : 13.6
s2 : 06.6
s3 : 21.8","00:41.749
s1 : 13.6
s2 : 06.6
s3 : 21.5","00:41.665
s1 : 13.4
s2 : 06.6
s3 : 21.5","00:45.551
s1 : 13.9
s2 : 10.3
s3 : 21.2","","","","42"
"1753924649-220","https://www.fia.com/events/world-rallycross-championship/season-2022/world-rx-portugal/r1-classifications","Heat 1","4","Niclas GRÖNHOLM
 FIN","Construction Equipment Dealer Team","PWR RX1e","1","3:37.247","0:04.192","00:46.021
s1 : 14.3
s2 : 10.3
s3 : 21.3","00:41.677
s1 : 13.4
s2 : 06.6
s3 : 21.6","00:41.413
s1 : 13.8
s2 : 06.6
s3 : 20.9","00:41.416
s1 : 13.8
s2 : 06.6
s3 : 20.9","00:43.260
s1 : 13.8
s2 : 06.7
s3 : 22.7","","","","40"
"1753924649-221","https://www.fia.com/events/world-rallycross-championship/season-2022/world-rx-portugal/r1-classifications","Heat 1","5","Kevin HANSEN
 SWE","Hansen World RX Team","Peugeot 208 RX1e","1","3:40.303","0:07.248","00:43.822
s1 : 13.8
s2 : 06.9
s3 : 23.0","00:42.582
s1 : 13.6
s2 : 06.6
s3 : 22.2","00:45.785
s1 : 13.7
s2 : 10.4
s3 : 21.6","00:42.212
s1 : 13.8
s2 : 06.7
s3 : 21.5","00:42.428
s1 : 13.8
s2 : 06.6
s3 : 21.8","","","","39"
"1753924649-222","https://www.fia.com/events/world-rallycross-championship/season-2022/world-rx-portugal/r1-classifications","Heat 1","6","Gustav BERGSTRÖM
 SWE","Gustav Bergström","Volkswagen RX1e","1","3:40.677","0:07.622","00:43.194
s1 : 13.6
s2 : 06.8
s3 : 22.7","00:42.542
s1 : 13.5
s2 : 06.6
s3 : 22.3","00:42.842
s1 : 13.5
s2 : 06.6
s3 : 22.6","00:42.455
s1 : 13.4
s2 : 06.7
s3 : 22.2","00:46.164
s1 : 13.6
s2 : 10.4
s3 : 22.0","","","","38"
"1753924649-223","https://www.fia.com/events/world-rallycross-championship/season-2022/world-rx-portugal/r1-classifications","Heat 1","7","Klara ANDERSSON
 SWE","Construction Equipment Dealer Team","PWR RX1e","1","3:40.856","0:07.801","00:43.654
s1 : 14.1
s2 : 07.0
s3 : 22.4","00:42.544
s1 : 13.8
s2 : 06.7
s3 : 21.9","00:46.273
s1 : 13.8
s2 : 10.3
s3 : 22.0","00:42.532
s1 : 13.5
s2 : 06.8
s3 : 22.1","00:42.466
s1 : 13.7
s2 : 06.8
s3 : 21.9","","","","37"
"1753924649-224","https://www.fia.com/events/world-rallycross-championship/season-2022/world-rx-portugal/r1-classifications","Heat 1","8","Rene MÜNNICH
 DEU","ALL-INKL.COM Muennich Motorsport","Seat Ibiza RX1e","1","3:44.933","0:11.878","00:44.785
s1 : 14.4
s2 : 06.9
s3 : 23.4","00:47.855
s1 : 14.0
s2 : 10.3
s3 : 23.4","00:42.339
s1 : 13.7
s2 : 06.6
s3 : 21.9","00:43.390
s1 : 13.5
s2 : 06.8
s3 : 23.0","00:43.053
s1 : 13.9
s2 : 06.8
s3 : 22.1","","","","36"
"1753924649-225","https://www.fia.com/events/world-rallycross-championship/season-2022/world-rx-portugal/r1-classifications","Heat 2","1","Johan KRISTOFFERSSON
 SWE","Kristoffersson Motorsport","Volkswagen RX1e","1","3:32.043","","00:41.082
s1 : 13.3
s2 : 06.6
s3 : 21.0","00:41.030
s1 : 13.6
s2 : 06.5
s3 : 20.7","00:41.026
s1 : 13.5
s2 : 06.6
s3 : 20.8","00:40.893
s1 : 13.5
s2 : 06.6
s3 : 20.7","00:44.566
s1 : 13.5
s2 : 10.2
s3 : 20.7","","","","50"
"1753924649-226","https://www.fia.com/events/world-rallycross-championship/season-2022/world-rx-portugal/r1-classifications","Heat 2","2","Timmy HANSEN
 SWE","Hansen World RX Team","Peugeot 208 RX1e","1","3:33.878","0:01.835","00:46.103
s1 : 14.4
s2 : 10.6
s3 : 20.9","00:41.039
s1 : 13.5
s2 : 06.6
s3 : 20.8","00:41.057
s1 : 13.4
s2 : 06.5
s3 : 21.0","00:40.968
s1 : 13.4
s2 : 06.5
s3 : 20.9","00:41.257
s1 : 13.5
s2 : 06.8
s3 : 20.9","","","","45"
"1753924649-227","https://www.fia.com/events/world-rallycross-championship/season-2022/world-rx-portugal/r1-classifications","Heat 2","3","Kevin HANSEN
 SWE","Hansen World RX Team","Peugeot 208 RX1e","1","3:34.947","0:02.904","00:41.629
s1 : 13.5
s2 : 06.6
s3 : 21.3","00:41.538
s1 : 13.7
s2 : 06.6
s3 : 21.1","00:41.268
s1 : 13.5
s2 : 06.6
s3 : 21.0","00:41.575
s1 : 13.7
s2 : 06.7
s3 : 21.1","00:45.433
s1 : 13.7
s2 : 10.5
s3 : 21.1","","","","42"
"1753924649-228","https://www.fia.com/events/world-rallycross-championship/season-2022/world-rx-portugal/r1-classifications","Heat 2","4","Gustav BERGSTRÖM
 SWE","Gustav Bergström","Volkswagen RX1e","1","3:36.688","0:04.645","00:42.533
s1 : 13.8
s2 : 06.8
s3 : 21.8","00:41.693
s1 : 13.4
s2 : 06.7
s3 : 21.4","00:41.863
s1 : 13.4
s2 : 06.6
s3 : 21.7","00:41.746
s1 : 13.2
s2 : 06.5
s3 : 21.9","00:45.345
s1 : 13.5
s2 : 10.5
s3 : 21.2","","","","40"
"1753924649-229","https://www.fia.com/events/world-rallycross-championship/season-2022/world-rx-portugal/r1-classifications","Heat 2","5","Klara ANDERSSON
 SWE","Construction Equipment Dealer Team","PWR RX1e","1","3:37.692","0:05.649","00:43.334
s1 : 14.2
s2 : 07.0
s3 : 22.0","00:42.017
s1 : 13.6
s2 : 06.7
s3 : 21.5","00:41.585
s1 : 13.6
s2 : 06.6
s3 : 21.2","00:41.648
s1 : 13.5
s2 : 06.8
s3 : 21.3","00:45.717
s1 : 13.7
s2 : 10.6
s3 : 21.3","","","","39"
"1753924649-230","https://www.fia.com/events/world-rallycross-championship/season-2022/world-rx-portugal/r1-classifications","Heat 2","6","Niclas GRÖNHOLM
 FIN","Construction Equipment Dealer Team","PWR RX1e","1","3:42.582","0:10.539","00:45.462
s1 : 14.0
s2 : 10.2
s3 : 21.0","00:41.206
s1 : 13.6
s2 : 06.6
s3 : 20.8","00:41.464
s1 : 13.5
s2 : 06.7
s3 : 21.1","00:42.711
s1 : 13.6
s2 : 06.7
s3 : 22.2","00:48.276
s1 : 16.4
s2 : 07.7
s3 : 24.0","","","","38"
"1753924649-231","https://www.fia.com/events/world-rallycross-championship/season-2022/world-rx-portugal/r1-classifications","Heat 2","7","Rene MÜNNICH
 DEU","ALL-INKL.COM Muennich Motorsport","Seat Ibiza RX1e","1","3:43.095","0:11.052","00:47.009
s1 : 14.7
s2 : 10.5
s3 : 21.7","00:42.858
s1 : 14.1
s2 : 06.8
s3 : 21.8","00:42.647
s1 : 13.7
s2 : 06.7
s3 : 22.1","00:42.483
s1 : 13.7
s2 : 06.6
s3 : 22.0","00:44.600
s1 : 13.9
s2 : 06.9
s3 : 23.7","","","","37"
"1753924649-232","https://www.fia.com/events/world-rallycross-championship/season-2022/world-rx-portugal/r1-classifications","Heat 2","DNS","Ole Christian VEIBY
 NOR","Kristoffersson Motorsport","Volkswagen RX1e","0","-","-","s1 : 
s2 : 
s3 :","s1 : 
s2 : 
s3 :","s1 : 
s2 : 
s3 :","s1 : 
s2 : 
s3 :","s1 : 
s2 : 
s3 :","","","","31"
"1753924649-233","https://www.fia.com/events/world-rallycross-championship/season-2022/world-rx-portugal/r1-classifications","Progression","1","Niclas GRÖNHOLM
 FIN","Construction Equipment Dealer Team","PWR RX1e","1","3:35.593","","00:45.878
s1 : 14.4
s2 : 10.1
s3 : 21.2","00:41.471
s1 : 13.6
s2 : 06.6
s3 : 21.1","00:41.882
s1 : 13.6
s2 : 06.8
s3 : 21.3","00:41.387
s1 : 13.6
s2 : 06.7
s3 : 21.0","00:41.541
s1 : 13.7
s2 : 06.6
s3 : 21.1","","","",""
"1753924649-234","https://www.fia.com/events/world-rallycross-championship/season-2022/world-rx-portugal/r1-classifications","Progression","2","Timmy HANSEN
 SWE","Hansen World RX Team","Peugeot 208 RX1e","1","3:34.410","","00:41.211
s1 : 13.5
s2 : 06.6
s3 : 20.9","00:41.308
s1 : 13.5
s2 : 06.6
s3 : 21.1","00:40.936
s1 : 13.4
s2 : 06.6
s3 : 20.8","00:42.055
s1 : 13.8
s2 : 06.7
s3 : 21.4","00:45.444
s1 : 13.5
s2 : 10.3
s3 : 21.4","","","",""
"1753924649-235","https://www.fia.com/events/world-rallycross-championship/season-2022/world-rx-portugal/r1-classifications","Progression","3","Kevin HANSEN
 SWE","Hansen World RX Team","Peugeot 208 RX1e","1","3:37.611","0:02.018","00:41.879
s1 : 13.9
s2 : 06.8
s3 : 21.1","00:43.462
s1 : 13.6
s2 : 06.6
s3 : 23.1","00:41.700
s1 : 13.8
s2 : 06.7
s3 : 21.0","00:41.672
s1 : 13.8
s2 : 06.6
s3 : 21.2","00:45.379
s1 : 13.8
s2 : 10.5
s3 : 21.0","","","",""
"1753924649-236","https://www.fia.com/events/world-rallycross-championship/season-2022/world-rx-portugal/r1-classifications","Progression","4","Gustav BERGSTRÖM
 SWE","Gustav Bergström","Volkswagen RX1e","1","3:36.272","0:01.862","00:42.167
s1 : 13.9
s2 : 06.8
s3 : 21.3","00:41.866
s1 : 13.4
s2 : 07.1
s3 : 21.2","00:41.775
s1 : 13.5
s2 : 06.8
s3 : 21.3","00:41.632
s1 : 13.3
s2 : 06.8
s3 : 21.3","00:45.322
s1 : 13.6
s2 : 10.5
s3 : 21.1","","","",""
"1753924649-237","https://www.fia.com/events/world-rallycross-championship/season-2022/world-rx-portugal/r1-classifications","Progression","5","Klara ANDERSSON
 SWE","Construction Equipment Dealer Team","PWR RX1e","1","3:38.778","0:03.185","00:42.583
s1 : 14.6
s2 : 06.8
s3 : 21.0","00:43.155
s1 : 13.9
s2 : 06.6
s3 : 22.6","00:41.977
s1 : 14.1
s2 : 06.7
s3 : 21.0","00:41.855
s1 : 13.6
s2 : 06.6
s3 : 21.5","00:45.742
s1 : 13.7
s2 : 10.7
s3 : 21.2","","","",""
"1753924649-238","https://www.fia.com/events/world-rallycross-championship/season-2022/world-rx-portugal/r1-classifications","Progression","6","Rene MÜNNICH
 DEU","ALL-INKL.COM Muennich Motorsport","Seat Ibiza RX1e","1","3:47.082","0:12.672","00:42.663
s1 : 14.6
s2 : 06.6
s3 : 21.3","00:42.296
s1 : 13.7
s2 : 06.7
s3 : 21.7","00:42.048
s1 : 13.7
s2 : 06.6
s3 : 21.5","00:54.459
s1 : 13.9
s2 : 18.9
s3 : 21.5","00:42.107
s1 : 13.7
s2 : 06.8
s3 : 21.5","","","",""
"1753924649-239","https://www.fia.com/events/world-rallycross-championship/season-2022/world-rx-portugal/r1-classifications","Progression","DNF","Johan KRISTOFFERSSON
 SWE","Kristoffersson Motorsport","Volkswagen RX1e","0","-","3 LAP","00:40.791
s1 : 13.4
s2 : 06.5
s3 : 20.7","00:44.440
s1 : 13.6
s2 : 06.5
s3 : 24.1","s1 : 
s2 : 
s3 :","s1 : 
s2 : 
s3 :","s1 : 
s2 : 
s3 :","","","",""
"1753924649-240","https://www.fia.com/events/world-rallycross-championship/season-2022/world-rx-portugal/r1-classifications","Progression","DNS","Ole Christian VEIBY
 NOR","Kristoffersson Motorsport","Volkswagen RX1e","0","-","-","s1 : 
s2 : 
s3 :","s1 : 
s2 : 
s3 :","s1 : 
s2 : 
s3 :","s1 : 
s2 : 
s3 :","s1 : 
s2 : 
s3 :","","","",""
"1753924649-241","https://www.fia.com/events/world-rallycross-championship/season-2022/world-rx-portugal/r1-classifications","Semi-Final 1","1","Ole Christian VEIBY
 NOR","Kristoffersson Motorsport","Volkswagen RX1e","1","3:35.781","","00:41.367
s1 : 13.5
s2 : 06.5
s3 : 21.2","00:41.632
s1 : 13.5
s2 : 06.6
s3 : 21.4","00:41.589
s1 : 13.3
s2 : 06.7
s3 : 21.5","00:41.960
s1 : 13.6
s2 : 06.6
s3 : 21.6","00:45.817
s1 : 13.7
s2 : 10.1
s3 : 21.8","","","","6"
"1753924649-242","https://www.fia.com/events/world-rallycross-championship/season-2022/world-rx-portugal/r1-classifications","Semi-Final 1","2","Gustav BERGSTRÖM
 SWE","Gustav Bergström","Volkswagen RX1e","1","3:38.321","0:02.540","00:46.035
s1 : 14.3
s2 : 10.1
s3 : 21.5","00:42.284
s1 : 13.7
s2 : 06.7
s3 : 21.7","00:42.300
s1 : 13.5
s2 : 06.8
s3 : 21.8","00:42.268
s1 : 13.8
s2 : 06.8
s3 : 21.6","00:41.995
s1 : 13.6
s2 : 06.7
s3 : 21.5","","","","5"
"1753924649-243","https://www.fia.com/events/world-rallycross-championship/season-2022/world-rx-portugal/r1-classifications","Semi-Final 1","3","Klara ANDERSSON
 SWE","Construction Equipment Dealer Team","PWR RX1e","1","3:41.624","0:05.843","00:42.219
s1 : 13.9
s2 : 06.5
s3 : 21.6","00:42.827
s1 : 13.8
s2 : 06.5
s3 : 22.3","00:44.056
s1 : 13.8
s2 : 06.7
s3 : 23.3","00:42.094
s1 : 13.7
s2 : 06.6
s3 : 21.6","00:47.035
s1 : 13.9
s2 : 10.7
s3 : 22.3","","","","4"
"1753924649-244","https://www.fia.com/events/world-rallycross-championship/season-2022/world-rx-portugal/r1-classifications","Semi-Final 1","4","Niclas GRÖNHOLM
 FIN","Construction Equipment Dealer Team","PWR RX1e","1","3:43.712","0:07.931","00:42.789
s1 : 14.6
s2 : 06.6
s3 : 21.5","00:42.613
s1 : 13.6
s2 : 06.7
s3 : 22.1","00:42.522
s1 : 13.6
s2 : 06.9
s3 : 21.9","00:48.004
s1 : 14.2
s2 : 10.7
s3 : 23.0","00:44.313
s1 : 14.3
s2 : 07.4
s3 : 22.5","","","","3"
"1753924649-245","https://www.fia.com/events/world-rallycross-championship/season-2022/world-rx-portugal/r1-classifications","Semi-Final 2","1","Johan KRISTOFFERSSON
 SWE","Kristoffersson Motorsport","Volkswagen RX1e","1","3:33.990","","00:44.898
s1 : 14.0
s2 : 09.8
s3 : 21.0","00:41.226
s1 : 13.3
s2 : 06.5
s3 : 21.3","00:40.980
s1 : 13.4
s2 : 06.5
s3 : 21.0","00:41.671
s1 : 13.4
s2 : 06.6
s3 : 21.6","00:41.803
s1 : 13.6
s2 : 06.5
s3 : 21.5","","","","6"
"1753924649-246","https://www.fia.com/events/world-rallycross-championship/season-2022/world-rx-portugal/r1-classifications","Semi-Final 2","2","Timmy HANSEN
 SWE","Hansen World RX Team","Peugeot 208 RX1e","1","3:35.538","0:01.548","00:42.379
s1 : 13.8
s2 : 06.8
s3 : 21.7","00:41.338
s1 : 13.4
s2 : 06.6
s3 : 21.2","00:41.404
s1 : 13.4
s2 : 06.5
s3 : 21.3","00:41.513
s1 : 13.3
s2 : 06.6
s3 : 21.5","00:45.517
s1 : 13.6
s2 : 10.1
s3 : 21.7","","","","5"
"1753924649-247","https://www.fia.com/events/world-rallycross-championship/season-2022/world-rx-portugal/r1-classifications","Semi-Final 2","3","Kevin HANSEN
 SWE","Hansen World RX Team","Peugeot 208 RX1e","1","3:36.616","0:02.626","00:41.844
s1 : 13.4
s2 : 06.6
s3 : 21.8","00:45.568
s1 : 13.6
s2 : 10.3
s3 : 21.5","00:41.582
s1 : 13.6
s2 : 06.6
s3 : 21.2","00:41.639
s1 : 13.6
s2 : 06.6
s3 : 21.3","00:42.552
s1 : 13.6
s2 : 06.9
s3 : 21.9","","","","4"
"1753924649-248","https://www.fia.com/events/world-rallycross-championship/season-2022/world-rx-portugal/r1-classifications","Semi-Final 2","4","Rene MÜNNICH
 DEU","ALL-INKL.COM Muennich Motorsport","Seat Ibiza RX1e","1","3:41.682","0:07.692","00:47.555
s1 : 14.7
s2 : 10.6
s3 : 22.1","00:42.545
s1 : 13.7
s2 : 06.5
s3 : 22.1","00:42.385
s1 : 13.7
s2 : 06.6
s3 : 22.0","00:42.801
s1 : 13.9
s2 : 06.8
s3 : 22.0","00:42.951
s1 : 13.6
s2 : 06.8
s3 : 22.4","","","","3"
"1753924649-249","https://www.fia.com/events/world-rallycross-championship/season-2022/world-rx-portugal/r1-classifications","Final","1","Johan KRISTOFFERSSON
 SWE","Kristoffersson Motorsport","Volkswagen RX1e","1","3:34.313","","00:41.443
s1 : 13.5
s2 : 06.6
s3 : 21.2","00:41.648
s1 : 13.8
s2 : 06.6
s3 : 21.1","00:41.563
s1 : 13.6
s2 : 06.6
s3 : 21.2","00:41.437
s1 : 13.5
s2 : 06.6
s3 : 21.2","00:44.815
s1 : 13.7
s2 : 09.8
s3 : 21.2","","","","8"
"1753924649-250","https://www.fia.com/events/world-rallycross-championship/season-2022/world-rx-portugal/r1-classifications","Final","2","Ole Christian VEIBY
 NOR","Kristoffersson Motorsport","Volkswagen RX1e","1","3:35.979","0:01.666","00:42.068
s1 : 13.7
s2 : 06.8
s3 : 21.4","00:42.063
s1 : 13.9
s2 : 06.6
s3 : 21.4","00:41.628
s1 : 13.6
s2 : 06.8
s3 : 21.1","00:41.512
s1 : 13.4
s2 : 06.7
s3 : 21.3","00:45.335
s1 : 13.7
s2 : 09.9
s3 : 21.6","","","","5"
"1753924649-251","https://www.fia.com/events/world-rallycross-championship/season-2022/world-rx-portugal/r1-classifications","Final","3","Timmy HANSEN
 SWE","Hansen World RX Team","Peugeot 208 RX1e","1","3:36.393","0:02.080","00:43.231
s1 : 14.5
s2 : 07.3
s3 : 21.3","00:41.766
s1 : 13.5
s2 : 06.6
s3 : 21.5","00:45.310
s1 : 13.7
s2 : 09.8
s3 : 21.7","00:41.204
s1 : 13.4
s2 : 06.6
s3 : 21.1","00:41.507
s1 : 13.4
s2 : 06.6
s3 : 21.4","","","","4"
"1753924649-252","https://www.fia.com/events/world-rallycross-championship/season-2022/world-rx-portugal/r1-classifications","Final","4","Kevin HANSEN
 SWE","Hansen World RX Team","Peugeot 208 RX1e","1","3:37.187","0:02.874","00:42.547
s1 : 14.0
s2 : 06.9
s3 : 21.5","00:42.043
s1 : 13.7
s2 : 06.6
s3 : 21.5","00:41.871
s1 : 13.6
s2 : 06.7
s3 : 21.4","00:41.625
s1 : 13.6
s2 : 06.6
s3 : 21.3","00:45.719
s1 : 13.9
s2 : 10.3
s3 : 21.3","","","","3"
"1753924649-253","https://www.fia.com/events/world-rallycross-championship/season-2022/world-rx-portugal/r1-classifications","Final","5","Gustav BERGSTRÖM
 SWE","Gustav Bergström","Volkswagen RX1e","1","3:40.986","0:06.673","00:45.994
s1 : 14.1
s2 : 10.1
s3 : 21.6","00:41.632
s1 : 13.4
s2 : 06.8
s3 : 21.3","00:43.518
s1 : 13.9
s2 : 06.6
s3 : 22.8","00:42.971
s1 : 13.9
s2 : 06.8
s3 : 22.1","00:43.441
s1 : 14.0
s2 : 07.1
s3 : 22.1","","","","2"
"1753924651-254","https://www.fia.com/events/world-rallycross-championship/season-2022/spa-world-rx-benelux/r2-classifications","Heat 1","1","Timmy HANSEN
 SWE","Hansen World RX Team","Peugeot 208 RX1e","1","2:46.979","","00:33.194
s1 : 07.8
s2 : 12.2
s3 : 13.1","00:32.638
s1 : 07.4
s2 : 12.3
s3 : 12.8","00:32.158
s1 : 07.3
s2 : 11.9
s3 : 12.8","00:32.288
s1 : 07.3
s2 : 12.0
s3 : 12.8","00:33.264
s1 : 07.2
s2 : 11.0
s3 : 14.9","","","","50"
"1753924651-255","https://www.fia.com/events/world-rallycross-championship/season-2022/spa-world-rx-benelux/r2-classifications","Heat 1","2","Ole Christian VEIBY
 NOR","Kristoffersson Motorsport","Volkswagen RX1e","1","2:47.062","0:00.083","00:32.625
s1 : 07.3
s2 : 12.3
s3 : 12.8","00:32.355
s1 : 07.2
s2 : 12.2
s3 : 12.8","00:32.331
s1 : 07.3
s2 : 11.9
s3 : 13.0","00:33.866
s1 : 07.1
s2 : 11.2
s3 : 15.4","00:32.423
s1 : 07.2
s2 : 12.1
s3 : 13.0","","","","45"
"1753924651-256","https://www.fia.com/events/world-rallycross-championship/season-2022/spa-world-rx-benelux/r2-classifications","Heat 1","3","Kevin HANSEN
 SWE","Hansen World RX Team","Peugeot 208 RX1e","1","2:49.704","0:02.725","00:33.981
s1 : 07.5
s2 : 13.3
s3 : 13.0","00:32.409
s1 : 07.3
s2 : 12.2
s3 : 12.8","00:33.803
s1 : 07.2
s2 : 11.2
s3 : 15.3","00:33.137
s1 : 07.4
s2 : 12.2
s3 : 13.4","00:32.934
s1 : 07.2
s2 : 12.2
s3 : 13.3","","","","42"
"1753924651-257","https://www.fia.com/events/world-rallycross-championship/season-2022/spa-world-rx-benelux/r2-classifications","Heat 1","4","Klara ANDERSSON
 SWE","Construction Equipment Dealer Team","PWR RX1e","1","2:52.284","0:05.305","00:35.993
s1 : 07.8
s2 : 12.7
s3 : 15.3","00:33.561
s1 : 07.5
s2 : 12.7
s3 : 13.3","00:32.981
s1 : 07.4
s2 : 12.3
s3 : 13.1","00:32.996
s1 : 07.2
s2 : 12.3
s3 : 13.4","00:33.331
s1 : 07.3
s2 : 12.4
s3 : 13.4","","","","40"
"1753924651-258","https://www.fia.com/events/world-rallycross-championship/season-2022/spa-world-rx-benelux/r2-classifications","Heat 1","5","Rene MÜNNICH
 DEU","ALL-INKL.COM Muennich Motorsport","Seat Ibiza RX1e","1","2:55.524","0:08.545","00:35.538
s1 : 08.0
s2 : 13.6
s3 : 13.8","00:33.522
s1 : 07.5
s2 : 12.2
s3 : 13.6","00:34.930
s1 : 07.5
s2 : 11.5
s3 : 15.7","00:34.144
s1 : 07.5
s2 : 13.0
s3 : 13.5","00:33.805
s1 : 07.5
s2 : 12.5
s3 : 13.6","","","","39"
"1753924651-259","https://www.fia.com/events/world-rallycross-championship/season-2022/spa-world-rx-benelux/r2-classifications","Heat 1","6","Niclas GRÖNHOLM
 FIN","Construction Equipment Dealer Team","PWR RX1e","1","2:55.953","0:08.974","00:36.104
s1 : 08.7
s2 : 11.9
s3 : 15.3","00:33.943
s1 : 08.6
s2 : 12.2
s3 : 13.0","00:32.893
s1 : 07.3
s2 : 12.1
s3 : 13.4","00:33.182
s1 : 07.4
s2 : 12.1
s3 : 13.5","00:36.436
s1 : 07.9
s2 : 13.3
s3 : 15.1","","","","38"
"1753924651-260","https://www.fia.com/events/world-rallycross-championship/season-2022/spa-world-rx-benelux/r2-classifications","Heat 1","7","Johan KRISTOFFERSSON
 SWE","Kristoffersson Motorsport","Volkswagen RX1e","1","3:00.154","0:13.175","00:32.519
s1 : 07.2
s2 : 12.0
s3 : 13.1","00:35.630
s1 : 07.9
s2 : 13.5
s3 : 14.1","00:36.120
s1 : 07.9
s2 : 12.2
s3 : 15.9","00:35.307
s1 : 08.0
s2 : 12.7
s3 : 14.5","00:37.088
s1 : 08.2
s2 : 13.5
s3 : 15.2","","","","37"
"1753924651-261","https://www.fia.com/events/world-rallycross-championship/season-2022/spa-world-rx-benelux/r2-classifications","Heat 1","DNF","Gustav BERGSTRÖM
 SWE","Gustav Bergström","Volkswagen RX1e","1","-","4 LAP","00:35.482
s1 : 08.0
s2 : 12.2
s3 : 15.1","s1 : 
s2 : 
s3 :","s1 : 
s2 : 
s3 :","s1 : 
s2 : 
s3 :","s1 : 
s2 : 
s3 :","","","","35"
"1753924651-262","https://www.fia.com/events/world-rallycross-championship/season-2022/spa-world-rx-benelux/r2-classifications","Heat 2","1","Johan KRISTOFFERSSON
 SWE","Kristoffersson Motorsport","Volkswagen RX1e","1","2:45.992","","00:33.203
s1 : 07.6
s2 : 12.3
s3 : 13.1","00:32.129
s1 : 07.1
s2 : 12.0
s3 : 12.9","00:32.034
s1 : 07.3
s2 : 11.9
s3 : 12.7","00:32.045
s1 : 07.2
s2 : 11.8
s3 : 12.9","00:33.110
s1 : 07.1
s2 : 11.0
s3 : 14.8","","","","50"
"1753924651-263","https://www.fia.com/events/world-rallycross-championship/season-2022/spa-world-rx-benelux/r2-classifications","Heat 2","2","Kevin HANSEN
 SWE","Hansen World RX Team","Peugeot 208 RX1e","1","2:47.216","0:01.224","00:34.447
s1 : 07.4
s2 : 12.0
s3 : 14.9","00:32.116
s1 : 07.2
s2 : 12.0
s3 : 12.8","00:32.450
s1 : 07.2
s2 : 12.2
s3 : 12.9","00:32.290
s1 : 07.2
s2 : 12.2
s3 : 12.8","00:32.461
s1 : 07.1
s2 : 12.3
s3 : 12.9","","","","45"
"1753924651-264","https://www.fia.com/events/world-rallycross-championship/season-2022/spa-world-rx-benelux/r2-classifications","Heat 2","3","Niclas GRÖNHOLM
 FIN","Construction Equipment Dealer Team","PWR RX1e","1","2:48.096","0:02.104","00:32.580
s1 : 07.3
s2 : 12.2
s3 : 12.9","00:32.357
s1 : 07.3
s2 : 11.9
s3 : 13.1","00:33.017
s1 : 07.2
s2 : 12.0
s3 : 13.6","00:32.608
s1 : 07.3
s2 : 11.9
s3 : 13.2","00:34.104
s1 : 07.3
s2 : 11.4
s3 : 15.3","","","","42"
"1753924651-265","https://www.fia.com/events/world-rallycross-championship/season-2022/spa-world-rx-benelux/r2-classifications","Heat 2","4","Timmy HANSEN
 SWE","Hansen World RX Team","Peugeot 208 RX1e","1","2:54.857","0:08.865","00:32.086
s1 : 07.1
s2 : 12.0
s3 : 12.8","00:32.002
s1 : 07.2
s2 : 11.8
s3 : 12.8","00:32.612
s1 : 07.2
s2 : 11.8
s3 : 13.5","00:36.965
s1 : 07.9
s2 : 12.5
s3 : 16.4","00:37.744
s1 : 08.7
s2 : 13.9
s3 : 15.0","","","","40"
"1753924651-266","https://www.fia.com/events/world-rallycross-championship/season-2022/spa-world-rx-benelux/r2-classifications","Heat 2","5","Klara ANDERSSON
 SWE","Construction Equipment Dealer Team","PWR RX1e","1","2:56.782","0:10.790","00:34.701
s1 : 07.9
s2 : 13.1
s3 : 13.6","00:32.218
s1 : 07.2
s2 : 11.9
s3 : 12.9","00:34.401
s1 : 07.1
s2 : 13.2
s3 : 14.0","00:34.456
s1 : 08.1
s2 : 12.7
s3 : 13.5","00:37.613
s1 : 08.1
s2 : 13.1
s3 : 16.3","","","","39"
"1753924651-267","https://www.fia.com/events/world-rallycross-championship/season-2022/spa-world-rx-benelux/r2-classifications","Heat 2","6","Gustav BERGSTRÖM
 SWE","Gustav Bergström","Volkswagen RX1e","1","2:59.441","0:13.449","00:35.403
s1 : 07.8
s2 : 12.3
s3 : 15.2","00:32.928
s1 : 07.3
s2 : 12.3
s3 : 13.2","00:33.711
s1 : 07.3
s2 : 12.6
s3 : 13.7","00:35.344
s1 : 07.6
s2 : 13.3
s3 : 14.3","00:38.587
s1 : 08.9
s2 : 14.1
s3 : 15.5","","","","38"
"1753924651-268","https://www.fia.com/events/world-rallycross-championship/season-2022/spa-world-rx-benelux/r2-classifications","Heat 2","7","Ole Christian VEIBY
 NOR","Kristoffersson Motorsport","Volkswagen RX1e","1","2:59.541","0:13.549","00:32.625
s1 : 07.5
s2 : 12.2
s3 : 12.8","00:33.002
s1 : 07.2
s2 : 12.4
s3 : 13.3","00:35.488
s1 : 08.1
s2 : 13.1
s3 : 14.1","00:37.630
s1 : 08.2
s2 : 12.7
s3 : 16.6","00:37.336
s1 : 08.0
s2 : 13.9
s3 : 15.2","","","","37"
"1753924651-269","https://www.fia.com/events/world-rallycross-championship/season-2022/spa-world-rx-benelux/r2-classifications","Heat 2","DNF","Rene MÜNNICH
 DEU","ALL-INKL.COM Muennich Motorsport","Seat Ibiza RX1e","1","-","1 LAP","00:35.904
s1 : 08.1
s2 : 12.2
s3 : 15.4","00:33.270
s1 : 07.5
s2 : 12.0
s3 : 13.6","00:33.658
s1 : 07.3
s2 : 12.0
s3 : 14.1","00:33.289
s1 : 07.4
s2 : 12.1
s3 : 13.6","s1 : 
s2 : 
s3 :","","","","35"
"1753924651-270","https://www.fia.com/events/world-rallycross-championship/season-2022/spa-world-rx-benelux/r2-classifications","Warm up","1","Ole Christian VEIBY
 NOR","Kristoffersson Motorsport","Volkswagen RX1e","","-","","00:33.844
s1 : 07.6
s2 : 12.8
s3 : 13.3","00:32.873
s1 : 07.5
s2 : 12.2
s3 : 13.1","","","","","","",""
"1753924651-271","https://www.fia.com/events/world-rallycross-championship/season-2022/spa-world-rx-benelux/r2-classifications","Warm up","2","Johan KRISTOFFERSSON
 SWE","Kristoffersson Motorsport","Volkswagen RX1e","","-","0:00.089","00:33.226
s1 : 07.4
s2 : 12.6
s3 : 13.1","00:32.962
s1 : 07.5
s2 : 12.3
s3 : 13.0","","","","","","",""
"1753924651-272","https://www.fia.com/events/world-rallycross-championship/season-2022/spa-world-rx-benelux/r2-classifications","Warm up","3","Kevin HANSEN
 SWE","Hansen World RX Team","Peugeot 208 RX1e","","-","0:00.171","00:33.044
s1 : 07.3
s2 : 12.7
s3 : 13.0","00:33.285
s1 : 07.6
s2 : 12.2
s3 : 13.3","","","","","","",""
"1753924651-273","https://www.fia.com/events/world-rallycross-championship/season-2022/spa-world-rx-benelux/r2-classifications","Warm up","4","Niclas GRÖNHOLM
 FIN","Construction Equipment Dealer Team","PWR RX1e","","-","0:00.621","00:33.731
s1 : 07.3
s2 : 12.7
s3 : 13.6","00:33.494
s1 : 07.6
s2 : 12.4
s3 : 13.3","","","","","","",""
"1753924651-274","https://www.fia.com/events/world-rallycross-championship/season-2022/spa-world-rx-benelux/r2-classifications","Warm up","5","Timmy HANSEN
 SWE","Hansen World RX Team","Peugeot 208 RX1e","","-","0:00.653","00:34.454
s1 : 07.2
s2 : 11.8
s3 : 15.3","00:33.526
s1 : 07.7
s2 : 12.5
s3 : 13.3","","","","","","",""
"1753924651-275","https://www.fia.com/events/world-rallycross-championship/season-2022/spa-world-rx-benelux/r2-classifications","Warm up","6","Klara ANDERSSON
 SWE","Construction Equipment Dealer Team","PWR RX1e","","-","0:01.100","00:34.274
s1 : 07.5
s2 : 13.2
s3 : 13.5","00:33.973
s1 : 07.7
s2 : 12.8
s3 : 13.3","","","","","","",""
"1753924651-276","https://www.fia.com/events/world-rallycross-championship/season-2022/spa-world-rx-benelux/r2-classifications","Warm up","7","Gustav BERGSTRÖM
 SWE","Gustav Bergström","Volkswagen RX1e","","-","0:01.110","00:36.732
s1 : 07.5
s2 : 12.7
s3 : 16.3","00:33.983
s1 : 07.6
s2 : 12.9
s3 : 13.4","","","","","","",""
"1753924651-277","https://www.fia.com/events/world-rallycross-championship/season-2022/spa-world-rx-benelux/r2-classifications","Warm up","8","Rene MÜNNICH
 DEU","ALL-INKL.COM Muennich Motorsport","Seat Ibiza RX1e","","-","0:01.749","00:36.004
s1 : 07.9
s2 : 13.5
s3 : 14.5","00:34.622
s1 : 07.8
s2 : 12.8
s3 : 13.9","","","","","","",""
"1753924651-278","https://www.fia.com/events/world-rallycross-championship/season-2022/spa-world-rx-benelux/r2-classifications","Progression","1","Johan KRISTOFFERSSON
 SWE","Kristoffersson Motorsport","Volkswagen RX1e","1","2:47.180","","00:32.294
s1 : 07.1
s2 : 11.9
s3 : 13.1","00:32.180
s1 : 07.2
s2 : 11.8
s3 : 13.0","00:33.263
s1 : 07.1
s2 : 11.1
s3 : 14.9","00:33.027
s1 : 07.3
s2 : 11.8
s3 : 13.7","00:32.940
s1 : 07.2
s2 : 11.9
s3 : 13.7","","","",""
"1753924651-279","https://www.fia.com/events/world-rallycross-championship/season-2022/spa-world-rx-benelux/r2-classifications","Progression","2","Timmy HANSEN
 SWE","Hansen World RX Team","Peugeot 208 RX1e","1","2:46.017","","00:32.325
s1 : 07.3
s2 : 12.0
s3 : 12.9","00:32.229
s1 : 07.2
s2 : 11.6
s3 : 13.3","00:32.010
s1 : 07.1
s2 : 11.9
s3 : 12.9","00:33.422
s1 : 07.1
s2 : 11.1
s3 : 15.1","00:32.576
s1 : 07.3
s2 : 12.0
s3 : 13.2","","","",""
"1753924651-280","https://www.fia.com/events/world-rallycross-championship/season-2022/spa-world-rx-benelux/r2-classifications","Progression","3","Kevin HANSEN
 SWE","Hansen World RX Team","Peugeot 208 RX1e","1","2:48.127","0:02.110","00:33.222
s1 : 07.5
s2 : 12.3
s3 : 13.3","00:32.436
s1 : 07.2
s2 : 12.0
s3 : 13.2","00:33.877
s1 : 07.1
s2 : 11.3
s3 : 15.4","00:32.397
s1 : 07.1
s2 : 12.0
s3 : 13.1","00:32.700
s1 : 07.1
s2 : 12.1
s3 : 13.4","","","",""
"1753924651-281","https://www.fia.com/events/world-rallycross-championship/season-2022/spa-world-rx-benelux/r2-classifications","Progression","4","Gustav BERGSTRÖM
 SWE","Gustav Bergström","Volkswagen RX1e","1","2:50.706","0:03.526","00:33.578
s1 : 07.5
s2 : 12.2
s3 : 13.7","00:32.678
s1 : 07.4
s2 : 12.0
s3 : 13.2","00:34.547
s1 : 07.3
s2 : 11.4
s3 : 15.7","00:33.159
s1 : 07.5
s2 : 11.8
s3 : 13.7","00:33.190
s1 : 07.2
s2 : 12.3
s3 : 13.5","","","",""
"1753924651-282","https://www.fia.com/events/world-rallycross-championship/season-2022/spa-world-rx-benelux/r2-classifications","Progression","5","Niclas GRÖNHOLM
 FIN","Construction Equipment Dealer Team","PWR RX1e","1","2:49.724","0:03.707","00:34.185
s1 : 07.8
s2 : 12.7
s3 : 13.6","00:34.446
s1 : 07.4
s2 : 11.4
s3 : 15.6","00:32.366
s1 : 07.2
s2 : 12.1
s3 : 13.0","00:32.623
s1 : 07.1
s2 : 12.2
s3 : 13.2","00:32.644
s1 : 07.3
s2 : 12.2
s3 : 12.9","","","",""
"1753924651-283","https://www.fia.com/events/world-rallycross-championship/season-2022/spa-world-rx-benelux/r2-classifications","Progression","6","Ole Christian VEIBY
 NOR","Kristoffersson Motorsport","Volkswagen RX1e","1","2:51.262","0:04.082","00:33.955
s1 : 07.9
s2 : 12.5
s3 : 13.5","00:32.923
s1 : 07.4
s2 : 12.2
s3 : 13.1","00:35.017
s1 : 07.2
s2 : 11.5
s3 : 16.2","00:33.164
s1 : 07.6
s2 : 11.9
s3 : 13.5","00:32.769
s1 : 07.3
s2 : 12.1
s3 : 13.2","","","",""
"1753924651-284","https://www.fia.com/events/world-rallycross-championship/season-2022/spa-world-rx-benelux/r2-classifications","Progression","7","Klara ANDERSSON
 SWE","Construction Equipment Dealer Team","PWR RX1e","1","2:51.948","0:04.768","00:35.018
s1 : 09.7
s2 : 12.0
s3 : 13.2","00:34.431
s1 : 07.3
s2 : 11.7
s3 : 15.3","00:32.677
s1 : 07.6
s2 : 11.9
s3 : 13.0","00:33.609
s1 : 08.3
s2 : 12.2
s3 : 12.9","00:32.851
s1 : 07.3
s2 : 12.3
s3 : 13.2","","","",""
"1753924651-285","https://www.fia.com/events/world-rallycross-championship/season-2022/spa-world-rx-benelux/r2-classifications","Progression","8","Rene MÜNNICH
 DEU","ALL-INKL.COM Muennich Motorsport","Seat Ibiza RX1e","1","2:54.435","0:08.418","00:36.544
s1 : 08.2
s2 : 12.5
s3 : 15.7","00:33.498
s1 : 07.3
s2 : 12.2
s3 : 13.9","00:33.237
s1 : 07.2
s2 : 12.1
s3 : 13.8","00:33.582
s1 : 07.2
s2 : 12.1
s3 : 14.1","00:34.028
s1 : 07.4
s2 : 12.0
s3 : 14.5","","","",""
"1753924651-286","https://www.fia.com/events/world-rallycross-championship/season-2022/spa-world-rx-benelux/r2-classifications","Semi-Final 1","1","Niclas GRÖNHOLM
 FIN","Construction Equipment Dealer Team","PWR RX1e","1","2:45.994","","00:32.295
s1 : 07.3
s2 : 12.1
s3 : 12.7","00:31.909
s1 : 07.2
s2 : 11.9
s3 : 12.7","00:32.046
s1 : 07.0
s2 : 11.9
s3 : 13.0","00:33.235
s1 : 07.1
s2 : 11.2
s3 : 14.8","00:33.118
s1 : 07.1
s2 : 11.8
s3 : 14.1","","","","6"
"1753924651-287","https://www.fia.com/events/world-rallycross-championship/season-2022/spa-world-rx-benelux/r2-classifications","Semi-Final 1","2","Gustav BERGSTRÖM
 SWE","Gustav Bergström","Volkswagen RX1e","1","2:49.496","0:03.502","00:33.344
s1 : 07.5
s2 : 12.5
s3 : 13.2","00:33.045
s1 : 07.4
s2 : 12.2
s3 : 13.3","00:34.053
s1 : 07.3
s2 : 11.3
s3 : 15.3","00:32.642
s1 : 07.3
s2 : 12.0
s3 : 13.2","00:32.959
s1 : 07.2
s2 : 12.0
s3 : 13.6","","","","5"
"1753924651-288","https://www.fia.com/events/world-rallycross-championship/season-2022/spa-world-rx-benelux/r2-classifications","Semi-Final 1","3","Klara ANDERSSON
 SWE","Construction Equipment Dealer Team","PWR RX1e","1","2:56.538","0:10.544","00:36.297
s1 : 08.0
s2 : 13.0
s3 : 15.1","00:33.329
s1 : 07.4
s2 : 12.0
s3 : 13.8","00:32.882
s1 : 07.2
s2 : 12.0
s3 : 13.5","00:35.436
s1 : 08.1
s2 : 13.1
s3 : 14.1","00:35.160
s1 : 07.8
s2 : 13.1
s3 : 14.1","","","","4"
"1753924651-289","https://www.fia.com/events/world-rallycross-championship/season-2022/spa-world-rx-benelux/r2-classifications","Semi-Final 1","4","Timmy HANSEN
 SWE","Hansen World RX Team","Peugeot 208 RX1e","1","2:56.950","0:10.956","00:33.944
s1 : 07.8
s2 : 13.2
s3 : 12.8","00:40.252
s1 : 07.2
s2 : 13.1
s3 : 19.8","00:34.180
s1 : 07.5
s2 : 11.7
s3 : 14.8","00:32.668
s1 : 07.3
s2 : 12.2
s3 : 13.0","00:32.477
s1 : 07.2
s2 : 12.2
s3 : 12.9","","","","3"
"1753924651-290","https://www.fia.com/events/world-rallycross-championship/season-2022/spa-world-rx-benelux/r2-classifications","Semi-Final 2","1","Johan KRISTOFFERSSON
 SWE","Kristoffersson Motorsport","Volkswagen RX1e","1","2:46.357","","00:32.692
s1 : 07.3
s2 : 12.0
s3 : 13.2","00:32.372
s1 : 07.3
s2 : 11.9
s3 : 13.0","00:32.874
s1 : 07.1
s2 : 11.1
s3 : 14.5","00:32.574
s1 : 07.4
s2 : 11.6
s3 : 13.4","00:32.393
s1 : 07.1
s2 : 11.9
s3 : 13.2","","","","6"
"1753924651-291","https://www.fia.com/events/world-rallycross-championship/season-2022/spa-world-rx-benelux/r2-classifications","Semi-Final 2","2","Kevin HANSEN
 SWE","Hansen World RX Team","Peugeot 208 RX1e","1","2:47.720","0:01.363","00:33.076
s1 : 07.5
s2 : 12.4
s3 : 13.0","00:33.562
s1 : 07.2
s2 : 11.6
s3 : 14.6","00:32.391
s1 : 07.3
s2 : 12.1
s3 : 12.9","00:32.327
s1 : 07.2
s2 : 11.9
s3 : 13.0","00:32.928
s1 : 07.1
s2 : 12.2
s3 : 13.4","","","","5"
"1753924651-292","https://www.fia.com/events/world-rallycross-championship/season-2022/spa-world-rx-benelux/r2-classifications","Semi-Final 2","3","Ole Christian VEIBY
 NOR","Kristoffersson Motorsport","Volkswagen RX1e","1","2:49.171","0:02.814","00:34.747
s1 : 07.8
s2 : 11.9
s3 : 14.9","00:32.389
s1 : 07.2
s2 : 12.0
s3 : 13.0","00:32.777
s1 : 07.2
s2 : 12.1
s3 : 13.2","00:32.984
s1 : 07.4
s2 : 12.1
s3 : 13.3","00:32.834
s1 : 07.1
s2 : 12.1
s3 : 13.5","","","","4"
"1753924651-293","https://www.fia.com/events/world-rallycross-championship/season-2022/spa-world-rx-benelux/r2-classifications","Semi-Final 2","4","Rene MÜNNICH
 DEU","ALL-INKL.COM Muennich Motorsport","Seat Ibiza RX1e","1","2:54.153","0:07.796","00:35.980
s1 : 08.5
s2 : 11.9
s3 : 15.4","00:33.433
s1 : 07.3
s2 : 12.0
s3 : 14.0","00:33.524
s1 : 07.3
s2 : 12.1
s3 : 14.0","00:34.211
s1 : 07.9
s2 : 12.2
s3 : 14.0","00:33.400
s1 : 07.3
s2 : 12.0
s3 : 13.9","","","","3"
"1753924651-294","https://www.fia.com/events/world-rallycross-championship/season-2022/spa-world-rx-benelux/r2-classifications","Final","1","Johan KRISTOFFERSSON
 SWE","Kristoffersson Motorsport","Volkswagen RX1e","1","2:46.354","","00:32.291
s1 : 07.1
s2 : 12.1
s3 : 12.9","00:32.346
s1 : 07.2
s2 : 11.9
s3 : 13.1","00:32.456
s1 : 07.1
s2 : 12.0
s3 : 13.2","00:33.025
s1 : 07.0
s2 : 11.3
s3 : 14.6","00:32.796
s1 : 07.3
s2 : 11.9
s3 : 13.5","","","","8"
"1753924651-295","https://www.fia.com/events/world-rallycross-championship/season-2022/spa-world-rx-benelux/r2-classifications","Final","2","Niclas GRÖNHOLM
 FIN","Construction Equipment Dealer Team","PWR RX1e","1","2:50.349","0:03.995","00:34.035
s1 : 07.4
s2 : 12.3
s3 : 14.2","00:34.491
s1 : 07.6
s2 : 11.9
s3 : 14.8","00:32.743
s1 : 07.2
s2 : 12.1
s3 : 13.4","00:32.673
s1 : 07.2
s2 : 11.9
s3 : 13.4","00:32.997
s1 : 07.2
s2 : 12.1
s3 : 13.6","","","","5"
"1753924651-296","https://www.fia.com/events/world-rallycross-championship/season-2022/spa-world-rx-benelux/r2-classifications","Final","3","Gustav BERGSTRÖM
 SWE","Gustav Bergström","Volkswagen RX1e","1","2:51.286","0:04.932","00:33.655
s1 : 07.6
s2 : 12.5
s3 : 13.4","00:33.443
s1 : 07.6
s2 : 12.3
s3 : 13.4","00:33.028
s1 : 07.3
s2 : 12.3
s3 : 13.3","00:34.262
s1 : 07.3
s2 : 11.6
s3 : 15.2","00:33.382
s1 : 07.3
s2 : 12.3
s3 : 13.6","","","","4"
"1753924651-297","https://www.fia.com/events/world-rallycross-championship/season-2022/spa-world-rx-benelux/r2-classifications","Final","4","Kevin HANSEN
 SWE","Hansen World RX Team","Peugeot 208 RX1e","1","2:55.659","0:09.305","00:35.305
s1 : 08.3
s2 : 12.1
s3 : 14.8","00:32.761
s1 : 07.4
s2 : 12.2
s3 : 13.1","00:37.382
s1 : 07.1
s2 : 12.3
s3 : 17.8","00:32.906
s1 : 07.3
s2 : 12.2
s3 : 13.3","00:33.907
s1 : 07.5
s2 : 12.1
s3 : 14.2","","","","3"
"1753924651-298","https://www.fia.com/events/world-rallycross-championship/season-2022/spa-world-rx-benelux/r2-classifications","Final","DNF","Ole Christian VEIBY
 NOR","Kristoffersson Motorsport","Volkswagen RX1e","0","-","+5 LAP","s1 : 
s2 : 
s3 :","s1 : 
s2 : 
s3 :","s1 : 
s2 : 
s3 :","s1 : 
s2 : 
s3 :","s1 : 
s2 : 
s3 :","","","","2"
"1753924654-299","https://www.fia.com/events/world-rallycross-championship/season-2022/spa-world-rx-benelux/r1-classifications","Free Practice","1","Johan KRISTOFFERSSON
 SWE","Kristoffersson Motorsport","Volkswagen RX1e","","-","","00:34.495
s1 : 07.5
s2 : 13.2
s3 : 13.6","00:34.467
s1 : 07.7
s2 : 13.1
s3 : 13.5","00:34.041
s1 : 07.6
s2 : 12.9
s3 : 13.5","35:16.780
s1 : 00.0
s2 : 00.0
s3 : 00.0","00:36.298
s1 : 07.6
s2 : 12.2
s3 : 16.3","00:34.575
s1 : 07.8
s2 : 13.0
s3 : 13.6","","",""
"1753924654-300","https://www.fia.com/events/world-rallycross-championship/season-2022/spa-world-rx-benelux/r1-classifications","Free Practice","2","Timmy HANSEN
 SWE","Hansen World RX Team","Peugeot 208 RX1e","","-","0:00.202","00:37.552
s1 : 07.6
s2 : 13.3
s3 : 16.5","00:35.057
s1 : 07.9
s2 : 13.3
s3 : 13.6","00:34.864
s1 : 07.9
s2 : 13.4
s3 : 13.4","35:00.451
s1 : 00.0
s2 : 00.0
s3 : 00.0","00:36.002
s1 : 07.6
s2 : 12.1
s3 : 16.1","00:34.860
s1 : 07.9
s2 : 13.0
s3 : 13.9","","",""
"1753924654-301","https://www.fia.com/events/world-rallycross-championship/season-2022/spa-world-rx-benelux/r1-classifications","Free Practice","3","Kevin HANSEN
 SWE","Hansen World RX Team","Peugeot 208 RX1e","","-","0:00.243","00:36.577
s1 : 07.5
s2 : 12.6
s3 : 16.4","00:34.420
s1 : 07.8
s2 : 13.0
s3 : 13.5","00:34.142
s1 : 07.7
s2 : 13.1
s3 : 13.2","35:18.208
s1 : 00.0
s2 : 00.0
s3 : 00.0","00:34.074
s1 : 07.3
s2 : 13.3
s3 : 13.3","00:36.095
s1 : 07.8
s2 : 12.4
s3 : 15.8","","",""
"1753924654-302","https://www.fia.com/events/world-rallycross-championship/season-2022/spa-world-rx-benelux/r1-classifications","Free Practice","4","Niclas GRÖNHOLM
 FIN","Construction Equipment Dealer Team","PWR RX1e","","-","0:00.395","00:36.905
s1 : 07.6
s2 : 12.4
s3 : 16.8","00:34.658
s1 : 07.8
s2 : 12.9
s3 : 13.8","00:34.555
s1 : 07.8
s2 : 12.9
s3 : 13.6","00:36.530
s1 : 07.7
s2 : 12.4
s3 : 16.3","43:48.437
s1 : 00.0
s2 : 00.0
s3 : 00.0","00:36.303
s1 : 07.5
s2 : 12.2
s3 : 16.4","","",""
"1753924654-303","https://www.fia.com/events/world-rallycross-championship/season-2022/spa-world-rx-benelux/r1-classifications","Free Practice","5","Gustav BERGSTRÖM
 SWE","Gustav Bergström","Volkswagen RX1e","","-","0:00.968","00:38.189
s1 : 07.8
s2 : 13.3
s3 : 16.9","00:35.951
s1 : 08.0
s2 : 13.7
s3 : 14.1","00:35.204
s1 : 08.1
s2 : 13.4
s3 : 13.6","00:34.799
s1 : 08.1
s2 : 13.0
s3 : 13.6","38:28.007
s1 : 00.0
s2 : 00.0
s3 : 00.0","00:37.736
s1 : 08.0
s2 : 12.9
s3 : 16.7","","",""
"1753924654-304","https://www.fia.com/events/world-rallycross-championship/season-2022/spa-world-rx-benelux/r1-classifications","Free Practice","6","Klara ANDERSSON
 SWE","Construction Equipment Dealer Team","PWR RX1e","","-","0:01.142","00:36.730
s1 : 07.8
s2 : 12.4
s3 : 16.4","00:35.357
s1 : 08.0
s2 : 13.0
s3 : 14.1","00:35.412
s1 : 08.0
s2 : 12.8
s3 : 14.5","00:34.973
s1 : 07.9
s2 : 12.7
s3 : 14.2","38:43.342
s1 : 00.0
s2 : 00.0
s3 : 00.0","00:37.166
s1 : 07.8
s2 : 12.7
s3 : 16.5","","",""
"1753924654-305","https://www.fia.com/events/world-rallycross-championship/season-2022/spa-world-rx-benelux/r1-classifications","Free Practice","7","Ole Christian VEIBY
 NOR","Kristoffersson Motorsport","Volkswagen RX1e","","-","0:01.370","01:04.584
s1 : 07.7
s2 : 12.3
s3 : 44.4","00:35.201
s1 : 08.0
s2 : 13.1
s3 : 14.0","01:51.488
s1 : 1:17
s2 : 14.0
s3 : 19.4","33:26.046
s1 : 00.0
s2 : 00.0
s3 : 00.0","s1 : 
s2 : 
s3 :","s1 : 
s2 : 
s3 :","","",""
"1753924654-306","https://www.fia.com/events/world-rallycross-championship/season-2022/spa-world-rx-benelux/r1-classifications","Free Practice","8","Rene MÜNNICH
 DEU","ALL-INKL.COM Muennich Motorsport","Seat Ibiza RX1e","","-","0:02.036","00:39.100
s1 : 08.3
s2 : 13.4
s3 : 17.2","00:37.874
s1 : 08.2
s2 : 12.8
s3 : 16.7","00:45.771
s1 : 08.0
s2 : 22.7
s3 : 14.9","38:37.587
s1 : 00.0
s2 : 00.0
s3 : 00.0","00:36.298
s1 : 08.2
s2 : 13.6
s3 : 14.3","00:36.062
s1 : 08.1
s2 : 13.4
s3 : 14.4","","",""
"1753924654-307","https://www.fia.com/events/world-rallycross-championship/season-2022/spa-world-rx-benelux/r1-classifications","Heat 1","1","Niclas GRÖNHOLM
 FIN","Construction Equipment Dealer Team","PWR RX1e","1","2:47.855","","00:32.319
s1 : 07.0
s2 : 12.3
s3 : 13.0","00:32.860
s1 : 07.4
s2 : 12.3
s3 : 13.0","00:34.277
s1 : 07.5
s2 : 11.3
s3 : 15.4","00:32.640
s1 : 07.4
s2 : 12.0
s3 : 13.1","00:32.629
s1 : 07.3
s2 : 12.1
s3 : 13.0","","","","50"
"1753924654-308","https://www.fia.com/events/world-rallycross-championship/season-2022/spa-world-rx-benelux/r1-classifications","Heat 1","2","Timmy HANSEN
 SWE","Hansen World RX Team","Peugeot 208 RX1e","1","2:48.652","0:00.797","00:32.733
s1 : 07.4
s2 : 12.1
s3 : 13.0","00:34.636
s1 : 07.5
s2 : 11.4
s3 : 15.6","00:32.829
s1 : 07.7
s2 : 12.1
s3 : 12.9","00:32.521
s1 : 07.5
s2 : 12.2
s3 : 12.8","00:32.564
s1 : 07.4
s2 : 12.1
s3 : 12.9","","","","45"
"1753924654-309","https://www.fia.com/events/world-rallycross-championship/season-2022/spa-world-rx-benelux/r1-classifications","Heat 1","3","Johan KRISTOFFERSSON
 SWE","Kristoffersson Motorsport","Volkswagen RX1e","1","2:49.440","0:01.585","00:35.072
s1 : 07.5
s2 : 12.2
s3 : 15.2","00:32.641
s1 : 07.4
s2 : 12.0
s3 : 13.1","00:32.806
s1 : 07.5
s2 : 12.2
s3 : 13.0","00:33.054
s1 : 07.6
s2 : 12.4
s3 : 12.9","00:32.395
s1 : 07.3
s2 : 12.0
s3 : 12.9","","","","42"
"1753924654-310","https://www.fia.com/events/world-rallycross-championship/season-2022/spa-world-rx-benelux/r1-classifications","Heat 1","4","Kevin HANSEN
 SWE","Hansen World RX Team","Peugeot 208 RX1e","1","2:50.443","0:02.588","00:33.191
s1 : 07.2
s2 : 12.5
s3 : 13.3","00:33.239
s1 : 07.5
s2 : 12.4
s3 : 13.2","00:32.700
s1 : 07.4
s2 : 12.3
s3 : 12.8","00:32.853
s1 : 07.4
s2 : 12.4
s3 : 12.9","00:34.945
s1 : 07.4
s2 : 11.4
s3 : 16.0","","","","40"
"1753924654-311","https://www.fia.com/events/world-rallycross-championship/season-2022/spa-world-rx-benelux/r1-classifications","Heat 1","5","Ole Christian VEIBY
 NOR","Kristoffersson Motorsport","Volkswagen RX1e","1","2:52.149","0:04.294","00:36.355
s1 : 07.8
s2 : 12.6
s3 : 15.8","00:33.308
s1 : 07.5
s2 : 12.4
s3 : 13.2","00:33.162
s1 : 07.5
s2 : 12.3
s3 : 13.3","00:32.883
s1 : 07.4
s2 : 12.2
s3 : 13.1","00:32.970
s1 : 07.6
s2 : 12.2
s3 : 13.1","","","","39"
"1753924654-312","https://www.fia.com/events/world-rallycross-championship/season-2022/spa-world-rx-benelux/r1-classifications","Heat 1","6","Klara ANDERSSON
 SWE","Construction Equipment Dealer Team","PWR RX1e","1","2:53.262","0:05.407","00:34.001
s1 : 07.5
s2 : 12.9
s3 : 13.5","00:33.976
s1 : 07.8
s2 : 12.6
s3 : 13.5","00:33.263
s1 : 07.5
s2 : 12.4
s3 : 13.2","00:33.217
s1 : 07.4
s2 : 12.3
s3 : 13.3","00:35.312
s1 : 07.6
s2 : 11.6
s3 : 16.0","","","","38"
"1753924654-313","https://www.fia.com/events/world-rallycross-championship/season-2022/spa-world-rx-benelux/r1-classifications","Heat 1","7","Gustav BERGSTRÖM
 SWE","Gustav Bergström","Volkswagen RX1e","1","2:54.598","0:06.743","00:35.011
s1 : 08.0
s2 : 13.3
s3 : 13.5","00:35.655
s1 : 07.5
s2 : 11.9
s3 : 16.1","00:33.646
s1 : 07.5
s2 : 12.4
s3 : 13.5","00:33.328
s1 : 07.4
s2 : 12.5
s3 : 13.3","00:33.473
s1 : 07.4
s2 : 12.4
s3 : 13.5","","","","37"
"1753924654-314","https://www.fia.com/events/world-rallycross-championship/season-2022/spa-world-rx-benelux/r1-classifications","Heat 1","DNF","Rene MÜNNICH
 DEU","ALL-INKL.COM Muennich Motorsport","Seat Ibiza RX1e","1","-","2 LAP","00:36.299
s1 : 08.3
s2 : 12.2
s3 : 15.7","00:34.234
s1 : 07.6
s2 : 12.1
s3 : 14.4","00:34.913
s1 : 07.9
s2 : 12.0
s3 : 14.9","s1 : 
s2 : 
s3 :","s1 : 
s2 : 
s3 :","","","","35"
"1753924654-315","https://www.fia.com/events/world-rallycross-championship/season-2022/spa-world-rx-benelux/r1-classifications","Heat 2","1","Timmy HANSEN
 SWE","Hansen World RX Team","Peugeot 208 RX1e","1","2:47.504","","00:32.602
s1 : 07.4
s2 : 12.3
s3 : 12.8","00:34.228
s1 : 07.3
s2 : 11.2
s3 : 15.6","00:32.256
s1 : 07.4
s2 : 12.0
s3 : 12.7","00:32.574
s1 : 07.4
s2 : 12.2
s3 : 12.8","00:32.388
s1 : 07.3
s2 : 12.1
s3 : 12.9","","","","50"
"1753924654-316","https://www.fia.com/events/world-rallycross-championship/season-2022/spa-world-rx-benelux/r1-classifications","Heat 2","2","Niclas GRÖNHOLM
 FIN","Construction Equipment Dealer Team","PWR RX1e","1","2:48.290","0:00.786","00:32.928
s1 : 07.3
s2 : 12.4
s3 : 13.1","00:32.275
s1 : 07.4
s2 : 12.0
s3 : 12.8","00:32.704
s1 : 07.5
s2 : 12.0
s3 : 13.1","00:32.487
s1 : 07.3
s2 : 12.0
s3 : 13.1","00:34.447
s1 : 07.2
s2 : 11.3
s3 : 15.8","","","","45"
"1753924654-317","https://www.fia.com/events/world-rallycross-championship/season-2022/spa-world-rx-benelux/r1-classifications","Heat 2","3","Johan KRISTOFFERSSON
 SWE","Kristoffersson Motorsport","Volkswagen RX1e","1","2:48.794","0:01.290","00:35.450
s1 : 07.6
s2 : 11.8
s3 : 15.9","00:32.584
s1 : 07.6
s2 : 12.0
s3 : 12.9","00:32.152
s1 : 07.5
s2 : 11.8
s3 : 12.8","00:32.227
s1 : 07.4
s2 : 11.9
s3 : 12.8","00:32.897
s1 : 07.4
s2 : 11.6
s3 : 13.7","","","","42"
"1753924654-318","https://www.fia.com/events/world-rallycross-championship/season-2022/spa-world-rx-benelux/r1-classifications","Heat 2","4","Kevin HANSEN
 SWE","Hansen World RX Team","Peugeot 208 RX1e","1","2:48.840","0:01.336","00:33.514
s1 : 07.4
s2 : 13.0
s3 : 12.9","00:32.332
s1 : 07.3
s2 : 12.1
s3 : 12.7","00:32.562
s1 : 07.2
s2 : 12.0
s3 : 13.2","00:34.551
s1 : 07.2
s2 : 11.5
s3 : 15.7","00:32.444
s1 : 07.4
s2 : 12.1
s3 : 12.8","","","","40"
"1753924654-319","https://www.fia.com/events/world-rallycross-championship/season-2022/spa-world-rx-benelux/r1-classifications","Heat 2","5","Gustav BERGSTRÖM
 SWE","Gustav Bergström","Volkswagen RX1e","1","2:54.111","0:06.607","00:36.978
s1 : 07.8
s2 : 12.4
s3 : 16.6","00:33.256
s1 : 07.5
s2 : 12.5
s3 : 13.1","00:33.407
s1 : 07.7
s2 : 12.2
s3 : 13.4","00:33.509
s1 : 08.0
s2 : 12.2
s3 : 13.1","00:33.500
s1 : 07.7
s2 : 12.5
s3 : 13.2","","","","39"
"1753924654-320","https://www.fia.com/events/world-rallycross-championship/season-2022/spa-world-rx-benelux/r1-classifications","Heat 2","6","Klara ANDERSSON
 SWE","Construction Equipment Dealer Team","PWR RX1e","1","4:01.028","1 LAP","00:36.427
s1 : 08.0
s2 : 12.6
s3 : 15.8","00:32.783
s1 : 07.9
s2 : 11.9
s3 : 12.8","00:48.097
s1 : 07.8
s2 : 23.9
s3 : 16.2","02:00.298
s1 : 08.3
s2 : 1:26
s3 : 25.0","s1 : 
s2 : 
s3 :","","","","38"
"1753924654-321","https://www.fia.com/events/world-rallycross-championship/season-2022/spa-world-rx-benelux/r1-classifications","Heat 2","DNS","Ole Christian VEIBY
 NOR","Kristoffersson Motorsport","Volkswagen RX1e","0","-","-","s1 : 
s2 : 
s3 :","s1 : 
s2 : 
s3 :","s1 : 
s2 : 
s3 :","s1 : 
s2 : 
s3 :","s1 : 
s2 : 
s3 :","","","","31"
"1753924654-322","https://www.fia.com/events/world-rallycross-championship/season-2022/spa-world-rx-benelux/r1-classifications","Heat 2","DNS","Rene MÜNNICH
 DEU","ALL-INKL.COM Muennich Motorsport","Seat Ibiza RX1e","0","-","-","s1 : 
s2 : 
s3 :","s1 : 
s2 : 
s3 :","s1 : 
s2 : 
s3 :","s1 : 
s2 : 
s3 :","s1 : 
s2 : 
s3 :","","","","31"
"1753924654-323","https://www.fia.com/events/world-rallycross-championship/season-2022/spa-world-rx-benelux/r1-classifications","Progression","1","Timmy HANSEN
 SWE","Hansen World RX Team","Peugeot 208 RX1e","1","2:48.887","","00:32.836
s1 : 07.6
s2 : 12.3
s3 : 12.9","00:32.515
s1 : 07.6
s2 : 12.0
s3 : 12.8","00:32.649
s1 : 07.6
s2 : 12.1
s3 : 12.8","00:32.669
s1 : 07.6
s2 : 12.1
s3 : 12.8","00:34.752
s1 : 07.6
s2 : 11.4
s3 : 15.7","","","",""
"1753924654-324","https://www.fia.com/events/world-rallycross-championship/season-2022/spa-world-rx-benelux/r1-classifications","Progression","2","Kevin HANSEN
 SWE","Hansen World RX Team","Peugeot 208 RX1e","1","2:49.448","","00:33.122
s1 : 07.6
s2 : 12.4
s3 : 13.0","00:33.151
s1 : 07.5
s2 : 12.3
s3 : 13.2","00:32.557
s1 : 07.4
s2 : 12.0
s3 : 13.0","00:32.707
s1 : 07.4
s2 : 12.0
s3 : 13.1","00:34.474
s1 : 07.4
s2 : 11.2
s3 : 15.7","","","",""
"1753924654-325","https://www.fia.com/events/world-rallycross-championship/season-2022/spa-world-rx-benelux/r1-classifications","Progression","3","Rene MÜNNICH
 DEU","ALL-INKL.COM Muennich Motorsport","Seat Ibiza RX1e","1","2:58.881","0:09.433","00:35.688
s1 : 07.9
s2 : 11.9
s3 : 15.7","00:34.031
s1 : 07.9
s2 : 12.0
s3 : 13.9","00:35.497
s1 : 09.0
s2 : 12.6
s3 : 13.8","00:35.588
s1 : 07.9
s2 : 12.1
s3 : 15.4","00:34.565
s1 : 08.0
s2 : 12.2
s3 : 14.2","","","",""
"1753924654-326","https://www.fia.com/events/world-rallycross-championship/season-2022/spa-world-rx-benelux/r1-classifications","Progression","4","Johan KRISTOFFERSSON
 SWE","Kristoffersson Motorsport","Volkswagen RX1e","1","2:49.640","0:00.753","00:33.226
s1 : 07.7
s2 : 12.6
s3 : 12.8","00:32.902
s1 : 07.6
s2 : 12.2
s3 : 13.0","00:32.779
s1 : 07.7
s2 : 11.9
s3 : 13.0","00:34.692
s1 : 07.7
s2 : 11.3
s3 : 15.5","00:32.580
s1 : 07.4
s2 : 11.8
s3 : 13.2","","","",""
"1753924654-327","https://www.fia.com/events/world-rallycross-championship/season-2022/spa-world-rx-benelux/r1-classifications","Progression","5","Gustav BERGSTRÖM
 SWE","Gustav Bergström","Volkswagen RX1e","1","2:53.945","0:05.058","00:36.289
s1 : 07.9
s2 : 12.7
s3 : 15.6","00:33.348
s1 : 07.8
s2 : 12.3
s3 : 13.1","00:33.489
s1 : 07.7
s2 : 12.5
s3 : 13.2","00:33.574
s1 : 07.8
s2 : 12.3
s3 : 13.3","00:33.782
s1 : 07.8
s2 : 12.5
s3 : 13.4","","","",""
"1753924654-328","https://www.fia.com/events/world-rallycross-championship/season-2022/spa-world-rx-benelux/r1-classifications","Progression","DNF","Niclas GRÖNHOLM
 FIN","Construction Equipment Dealer Team","PWR RX1e","1","-","2 LAP","00:32.736
s1 : 07.4
s2 : 12.0
s3 : 13.2","00:36.581
s1 : 07.7
s2 : 11.7
s3 : 17.0","00:44.933
s1 : 09.3
s2 : 16.7
s3 : 18.8","s1 : 
s2 : 
s3 :","s1 : 
s2 : 
s3 :","","","",""
"1753924654-329","https://www.fia.com/events/world-rallycross-championship/season-2022/spa-world-rx-benelux/r1-classifications","Progression","DNF","Ole Christian VEIBY
 NOR","Kristoffersson Motorsport","Volkswagen RX1e","1","-","1 LAP","00:34.473
s1 : 07.8
s2 : 13.2
s3 : 13.3","01:22.350
s1 : 15.8
s2 : 50.8
s3 : 15.6","00:33.142
s1 : 07.7
s2 : 11.8
s3 : 13.5","00:33.042
s1 : 07.7
s2 : 11.9
s3 : 13.3","s1 : 
s2 : 
s3 :","","","",""
"1753924654-330","https://www.fia.com/events/world-rallycross-championship/season-2022/spa-world-rx-benelux/r1-classifications","Progression","DNS","Klara ANDERSSON
 SWE","Construction Equipment Dealer Team","PWR RX1e","0","-","-","s1 : 
s2 : 
s3 :","s1 : 
s2 : 
s3 :","s1 : 
s2 : 
s3 :","s1 : 
s2 : 
s3 :","s1 : 
s2 : 
s3 :","","","",""
"1753924654-331","https://www.fia.com/events/world-rallycross-championship/season-2022/spa-world-rx-benelux/r1-classifications","Semi-Final 1","1","Timmy HANSEN
 SWE","Hansen World RX Team","Peugeot 208 RX1e","1","2:55.607","","00:38.267
s1 : 13.2
s2 : 12.0
s3 : 12.9","00:32.997
s1 : 08.2
s2 : 12.0
s3 : 12.7","00:34.527
s1 : 08.1
s2 : 10.8
s3 : 15.5","00:33.090
s1 : 08.3
s2 : 11.9
s3 : 12.8","00:33.305
s1 : 08.2
s2 : 12.1
s3 : 12.8","","","","6"
"1753924654-332","https://www.fia.com/events/world-rallycross-championship/season-2022/spa-world-rx-benelux/r1-classifications","Semi-Final 1","DNF","Rene MÜNNICH
 DEU","ALL-INKL.COM Muennich Motorsport","Seat Ibiza RX1e","0","-","+5 LAP","s1 : 
s2 : 
s3 :","s1 : 
s2 : 
s3 :","s1 : 
s2 : 
s3 :","s1 : 
s2 : 
s3 :","s1 : 
s2 : 
s3 :","","","","4"
"1753924654-333","https://www.fia.com/events/world-rallycross-championship/season-2022/spa-world-rx-benelux/r1-classifications","Semi-Final 1","DNF","Gustav BERGSTRÖM
 SWE","Gustav Bergström","Volkswagen RX1e","0","-","+5 LAP","s1 : 
s2 : 
s3 :","s1 : 
s2 : 
s3 :","s1 : 
s2 : 
s3 :","s1 : 
s2 : 
s3 :","s1 : 
s2 : 
s3 :","","","","5"
"1753924654-334","https://www.fia.com/events/world-rallycross-championship/season-2022/spa-world-rx-benelux/r1-classifications","Semi-Final 1","DSQ","Klara ANDERSSON
 SWE","Construction Equipment Dealer Team","PWR RX1e","1","2:53.618","-","00:34.386
s1 : 09.0
s2 : 11.9
s3 : 13.4","00:34.783
s1 : 08.5
s2 : 11.1
s3 : 15.1","00:33.569
s1 : 08.5
s2 : 11.9
s3 : 13.0","00:33.884
s1 : 08.5
s2 : 11.8
s3 : 13.5","00:33.629
s1 : 08.3
s2 : 12.0
s3 : 13.2","","","","0"
"1753924654-335","https://www.fia.com/events/world-rallycross-championship/season-2022/spa-world-rx-benelux/r1-classifications","Semi-Final 2","1","Niclas GRÖNHOLM
 FIN","Construction Equipment Dealer Team","PWR RX1e","1","2:45.761","","00:32.077
s1 : 07.2
s2 : 11.9
s3 : 12.8","00:32.575
s1 : 07.3
s2 : 12.0
s3 : 13.1","00:31.962
s1 : 07.2
s2 : 11.8
s3 : 12.8","00:32.106
s1 : 07.3
s2 : 12.0
s3 : 12.7","00:33.645
s1 : 07.3
s2 : 11.2
s3 : 15.0","","","","6"
"1753924654-336","https://www.fia.com/events/world-rallycross-championship/season-2022/spa-world-rx-benelux/r1-classifications","Semi-Final 2","2","Kevin HANSEN
 SWE","Hansen World RX Team","Peugeot 208 RX1e","1","2:46.139","0:00.378","00:32.703
s1 : 07.3
s2 : 12.4
s3 : 12.8","00:33.596
s1 : 07.3
s2 : 11.3
s3 : 14.9","00:32.323
s1 : 07.3
s2 : 11.9
s3 : 13.0","00:32.010
s1 : 07.1
s2 : 11.9
s3 : 12.8","00:32.049
s1 : 07.1
s2 : 12.1
s3 : 12.7","","","","5"
"1753924654-337","https://www.fia.com/events/world-rallycross-championship/season-2022/spa-world-rx-benelux/r1-classifications","Semi-Final 2","3","Johan KRISTOFFERSSON
 SWE","Kristoffersson Motorsport","Volkswagen RX1e","1","2:46.187","0:00.426","00:33.035
s1 : 07.6
s2 : 12.6
s3 : 12.6","00:32.135
s1 : 07.3
s2 : 12.2
s3 : 12.5","00:31.835
s1 : 07.1
s2 : 11.9
s3 : 12.6","00:32.066
s1 : 07.3
s2 : 12.0
s3 : 12.6","00:33.631
s1 : 07.3
s2 : 11.2
s3 : 15.0","","","","4"
"1753924654-338","https://www.fia.com/events/world-rallycross-championship/season-2022/spa-world-rx-benelux/r1-classifications","Semi-Final 2","4","Ole Christian VEIBY
 NOR","Kristoffersson Motorsport","Volkswagen RX1e","1","2:47.318","0:01.557","00:35.422
s1 : 07.9
s2 : 12.3
s3 : 15.0","00:32.175
s1 : 07.4
s2 : 12.0
s3 : 12.7","00:31.960
s1 : 07.1
s2 : 12.0
s3 : 12.7","00:31.939
s1 : 07.1
s2 : 12.0
s3 : 12.7","00:32.422
s1 : 07.3
s2 : 12.0
s3 : 13.0","","","","3"
"1753924654-339","https://www.fia.com/events/world-rallycross-championship/season-2022/spa-world-rx-benelux/r1-classifications","Final","1","Johan KRISTOFFERSSON
 SWE","Kristoffersson Motorsport","Volkswagen RX1e","1","2:45.670","","00:33.357
s1 : 07.2
s2 : 13.4
s3 : 12.6","00:31.760
s1 : 07.1
s2 : 12.0
s3 : 12.5","00:31.672
s1 : 07.0
s2 : 11.9
s3 : 12.6","00:31.960
s1 : 07.1
s2 : 11.8
s3 : 13.0","00:33.419
s1 : 07.1
s2 : 11.2
s3 : 15.0","","","","8"
"1753924654-340","https://www.fia.com/events/world-rallycross-championship/season-2022/spa-world-rx-benelux/r1-classifications","Final","2","Kevin HANSEN
 SWE","Hansen World RX Team","Peugeot 208 RX1e","1","2:50.507","0:04.837","00:35.744
s1 : 07.5
s2 : 13.1
s3 : 14.9","00:32.534
s1 : 07.4
s2 : 12.1
s3 : 12.9","00:32.651
s1 : 07.3
s2 : 12.3
s3 : 12.9","00:32.795
s1 : 07.2
s2 : 12.2
s3 : 13.2","00:33.390
s1 : 07.5
s2 : 12.4
s3 : 13.3","","","","5"
"1753924654-341","https://www.fia.com/events/world-rallycross-championship/season-2022/spa-world-rx-benelux/r1-classifications","Final","3","Gustav BERGSTRÖM
 SWE","Gustav Bergström","Volkswagen RX1e","1","2:51.427","0:05.757","00:34.626
s1 : 07.8
s2 : 13.6
s3 : 13.1","00:32.964
s1 : 07.6
s2 : 12.2
s3 : 13.0","00:32.528
s1 : 07.4
s2 : 11.9
s3 : 13.1","00:33.137
s1 : 07.4
s2 : 12.3
s3 : 13.3","00:34.743
s1 : 07.6
s2 : 11.5
s3 : 15.5","","","","4"
"1753924654-342","https://www.fia.com/events/world-rallycross-championship/season-2022/spa-world-rx-benelux/r1-classifications","Final","4","Timmy HANSEN
 SWE","Hansen World RX Team","Peugeot 208 RX1e","1","2:54.216","0:08.546","00:39.737
s1 : 07.1
s2 : 19.9
s3 : 12.6","00:33.833
s1 : 07.3
s2 : 11.4
s3 : 15.0","00:32.082
s1 : 07.3
s2 : 12.0
s3 : 12.6","00:32.645
s1 : 07.5
s2 : 12.2
s3 : 12.9","00:32.512
s1 : 07.4
s2 : 12.1
s3 : 12.9","","","","3"
"1753924654-343","https://www.fia.com/events/world-rallycross-championship/season-2022/spa-world-rx-benelux/r1-classifications","Final","5","Niclas GRÖNHOLM
 FIN","Construction Equipment Dealer Team","PWR RX1e","1","2:52.761","0:12.091","00:39.056
s1 : 07.8
s2 : 16.0
s3 : 15.1","00:32.351
s1 : 07.3
s2 : 11.9
s3 : 13.0","00:32.276
s1 : 07.4
s2 : 12.0
s3 : 12.7","00:32.438
s1 : 07.4
s2 : 12.0
s3 : 12.9","00:33.248
s1 : 07.4
s2 : 12.3
s3 : 13.3","","","","2"
